Date,FPT,HPG,MBB,MWG,SSI,VNM,VCB,GAS
2023-01-02,76.93439080386001,28.180465914041363,22.355594147976756,43.902341657402324,32.35041251677669,69.69915288784955,85.43602299898662,95.25492122622734
2023-01-03,76.66698903026867,28.698896442853375,21.947650291134206,43.24533118474482,32.87536953733935,68.81054948825104,85.63879248527068,95.5952970888475
2023-01-04,76.00174989791759,28.762800603260782,21.93850867043088,41.95816013193023,33.033673799863905,68.71737962279127,87.04697214066147,94.72198977468469
2023-01-05,76.35247634018353,29.242101636486623,21.605471867386292,41.896861690864554,33.4795554197895,68.72738257018756,89.68682201993784,94.4076149288818
2023-01-06,75.60490285360675,29.908224570763153,21.921441419789197,41.77672723959575,34.34668652261652,69.38302398268152,88.9171350379446,93.82363970736574
2023-01-09,74.81660589319971,29.379141303408428,21.56012095956738,41.93624782738352,33.71104091659583,69.22333472347235,89.13803664880052,92.76559661306551
2023-01-10,72.64559579119324,29.32071669698769,21.651281280189224,41.456207154704316,33.287326218298155,68.33458305592838,88.4249220198614,93.26307532628007
2023-01-11,70.69322500944574,29.38180060857443,21.80891254682674,43.021139656264054,32.81733001539576,69.03552438628842,88.8594603655481,94.43738867021737
2023-01-12,71.42132487300343,28.979654748883036,21.908362215955126,43.11058746489103,32.01662947398833,67.61743198788895,87.19724267425443,93.45508647442647
2023-01-13,71.35698145320285,29.679941808741784,21.978882848231706,44.14082198568892,32.36204975655805,67.84903058958014,88.60470150655546,94.48894205535437
2023-01-16,70.48660798391205,29.115024699901884,21.931809012038418,43.53903292961293,32.45827763742346,67.65824919701448,87.86276745869544,95.98669453507598
2023-01-17,70.27597495310171,29.289035035878086,22.193981026203353,43.11479188577231,31.86979924267425,66.13594284869131,86.14275684020153,96.68545555212637
2023-01-18,72.07858679581703,29.772048975231343,22.263784761922874,43.151791900848785,33.05316053082766,67.44148832197918,86.56953562384756,100.07910427973013
2023-01-19,73.28263658843196,29.635621147629543,22.844905770847483,44.14129720317469,33.8278710526347,68.28913781939058,88.15787595966101,98.74655688650478
2023-01-20,74.19542876841541,29.625221063273017,22.795461699477972,43.62593865091519,34.96774544288148,68.60487516213094,90.63598779304178,99.03206052824174
2023-01-23,74.6682154539229,30.601746250420618,22.581846852034282,44.77004180695337,35.75067000014324,68.01105323979672,92.87827027518621,98.40012094119028
2023-01-24,77.0869211292615,30.346098390024206,23.10243407535851,44.71968531504048,36.677652305912396,67.48508642786798,92.23852321521308,99.48928607452281
2023-01-25,74.93507842238357,32.042428931047716,23.30343902015169,44.62457452279141,36.12976165453975,67.0433700363261,88.89387736746058,96.78638447234756
2023-01-26,76.73293801158553,32.1322341836323,23.421826429165776,45.429530110822114,37.10037649041531,66.49094610079437,89.37831386117095,96.74689033891133
2023-01-27,77.13434010370642,33.42696424727449,23.42643380820784,47.064093403275585,38.981977064891176,65.94443809357686,89.55012258260973,98.16350996270096
2023-01-30,79.31309507860328,34.74862588568839,23.837171642494454,45.9511000694418,39.639429037235324,67.06684566169636,91.86645830590007,97.9986587589783
2023-01-31,78.4730356754227,34.566855787419584,24.396513346403967,46.523465113831264,39.971463304631364,67.21544201098526,90.72888590048653,97.6607417986517
2023-02-01,77.98721785183795,33.83005585865929,23.833238570513327,45.60895727445442,38.85951841480032,67.14573977468979,88.33426150994549,94.59270699268278
2023-02-02,77.95121339955017,33.57549792479418,23.31987026074885,45.68518716200262,37.29369334315537,67.18226738599888,90.33435937186346,97.52625889200043
2023-02-03,79.64124521274216,33.20556716112677,23.588934295852773,47.26545287838006,36.693926158355936,67.39233404135847,91.01389002481827,97.55842446235458
2023-02-06,77.37096774303598,33.414043272746255,23.83247932626782,47.899148694232515,35.66489681833593,66.23638178531287,90.36002202408584,99.5768971944732
2023-02-07,79.34622153547315,33.94788772734634,24.361126568470127,47.49269615588828,36.079419326382094,67.77282409299711,91.0897269150089,101.04565113430397
2023-02-08,79.58449050445475,33.626028992465926,24.31389590559337,47.78582321193089,34.85897137250838,66.76555380024043,91.42625592044263,101.64476009708753
2023-02-09,77.5741912154775,35.50227444056078,24.539719446339067,46.88640624880571,34.57671488221415,65.99278617357959,89.6298758816357,101.79017674522805
2023-02-10,76.27786413443543,34.87281420785452,24.97408354898371,47.52833743636425,33.65407535620439,65.58448743642788,88.97853885586045,104.70929680028773
2023-02-13,79.7192278259554,34.03581455101569,25.624427438646354,48.907731854419055,34.349559641001946,67.56788847935982,88.3235441309212,102.96907104686183
2023-02-14,77.91556886373876,32.3084653021872,24.999431350132767,46.263659272735204,33.384038964860295,66.57083830968857,85.39015542117266,96.76054085850802
2023-02-15,78.52075513799907,31.626713257102892,25.152924605149625,45.43851463098518,33.15851742022494,66.16472638147351,85.98438911638821,97.28019570956245
2023-02-16,78.04677841882453,31.724128048559308,25.11512961836742,45.678424078147636,32.35801622432082,66.10963856016963,84.72484238205985,96.77583020422676
2023-02-17,77.11212593277209,32.88280848593432,25.419175068098713,46.02981309474404,31.03810801934323,66.73776239578544,86.6651930821322,96.69178766680982
2023-02-20,75.22099052746887,32.922720685493026,25.454704989419476,44.22980683955062,31.602718507113867,66.60795065059547,86.7658108173899,96.67562448150177
2023-02-21,75.98289970099087,32.96441070688955,26.23077306554495,44.56955787394712,31.890712179043845,66.97209934051081,87.12432244509745,93.36825861627739
2023-02-22,76.2663847370567,31.97274894264646,26.299990985862166,45.24044120783438,32.252730761555526,66.53347897570934,87.87871396503809,89.62646366348436
2023-02-23,75.81956941119688,32.0687443801344,25.33273452749777,45.29713434287455,33.17424372109361,66.63321103179466,88.09626339660603,89.12812037772711
2023-02-24,74.62163224050013,31.602063069415294,25.100270940388015,43.69228940260637,31.73076066848659,65.05250441051808,88.53383117108659,87.19784564268218
2023-02-27,75.31085235899519,32.11227299858635,24.69125898987342,42.75153108554039,31.437463802043787,64.20268063790162,85.46825771808693,85.2112951351348
2023-02-28,75.20829459663713,33.55557587300558,25.366507714175135,42.65106607127654,32.266302443193965,63.90014703421856,87.02666187212414,86.1579588866567
2023-03-01,73.61502645073186,34.64918161584146,25.59041021569564,42.73713537958676,32.35008866354268,64.68125544486715,87.80765956903389,89.02731029344385
2023-03-02,70.58818279522566,33.287607031328974,24.67127366258037,40.951187715124625,32.70193446312634,64.43073025835115,86.3030966548748,89.42307718856111
2023-03-03,71.42690494562774,34.3977047760188,24.857330512237358,41.32748087606151,32.508070977332004,64.51294016948748,85.7665433013314,90.18411919606962
2023-03-06,72.99447811303948,34.890091185265604,24.753418686647958,40.96698431979974,32.15772702827008,63.96186866288887,85.28436587276097,92.61940229411996
2023-03-07,72.46009765642745,35.3017049819895,24.0702686535496,41.578934734047735,31.77852598412117,65.51205859522312,84.49022349446867,91.00922984190174
2023-03-08,73.72648514571995,36.00576039674499,24.049279927255995,39.93337452832953,32.81310141813225,64.39669175487818,82.94906298265914,92.86447314674513
2023-03-09,74.82522353663951,37.229214084024875,25.109651632268616,40.56512075422678,34.300253375163344,65.02097535773237,81.84109704176798,93.29342413210911
2023-03-10,75.9474407034722,38.104497148308376,25.05927714969508,40.85760031785991,34.28718028345419,64.70360846605844,82.78365321253251,93.13912434566686
2023-03-13,76.92764529306419,38.639518350216576,25.20074913663088,40.58863114664345,34.110919919951904,65.55122224955231,82.79600189550729,92.87372032050646
2023-03-14,80.2234705960228,38.02419093181471,25.786424326945877,41.54443808923787,36.06229713213227,66.95458597672737,84.41152122770042,97.49041574544002
2023-03-15,78.23225076964101,38.00051643182738,25.79895867401793,41.854960062313594,34.80818460614326,65.04103984836495,83.1889484664733,95.22188910825912
2023-03-16,76.59612395288963,39.46045722615223,25.971360710277743,42.27144597248384,35.73430642441846,65.60281608612283,82.30289379657,97.08692331888177
2023-03-17,76.5796988472094,39.566554951293824,26.556793772759097,40.77023498349573,36.689391010894205,66.16199678261651,82.15303323734601,97.45826715914225
2023-03-20,74.9720876245392,40.30097851149399,26.84490290999992,41.120074751755375,36.71655004845402,66.08577811970414,83.67546037379152,95.92382531418528
2023-03-21,75.85147572582811,39.896033740506816,25.64885231614804,40.8643435757033,35.95357781047445,65.32177272157928,81.90671284032729,94.03959947877956
2023-03-22,75.37275173164008,39.37669705649268,25.950137791893717,39.63118343867498,35.78788441781406,63.02508048914906,80.07953704444147,92.64604762344807
2023-03-23,75.30502164638335,40.44966487641335,26.166391133759724,40.787718633326314,37.22279299328999,62.990105879238676,80.84729897802855,90.59676838494823
2023-03-24,76.38771615011997,40.917884968533926,26.46586457767612,40.652186021343276,37.11299468403155,65.32092771288738,80.79370569927974,88.97210013198395
2023-03-27,75.8368464913334,41.29764962094524,26.53927376608872,41.32498275473224,36.15732710390688,65.47645535453208,79.7209569087925,88.62483680655558
2023-03-28,76.30872218777957,42.822888942727026,26.646989343825062,41.79220440515408,36.195134007765546,66.64940997609828,79.76135253900424,89.97038171692908
2023-03-29,80.70741656867581,42.33138741876213,27.021473215553208,43.806497454912424,37.87580855011944,66.24610228686944,80.50680779541929,92.01758098506129
2023-03-30,83.19374170339047,46.165251943400875,27.978597270994474,44.55607067454377,40.050459107505226,67.37019798118152,81.07763992231091,96.26660734112716
2023-03-31,83.07941117546234,46.73520436721367,27.886402869194775,44.048314953457925,39.92824521929924,68.79825462721902,81.64551015208667,94.39384770887888
2023-04-03,85.30156946994234,48.23450757194025,27.977183028818033,43.54295001459273,41.01344487636618,69.58763223763198,83.91510022112706,93.38897566864375
2023-04-04,85.99592271730361,47.78755884829521,28.176429862261593,44.195469810466705,39.66795965187549,70.03381446670952,82.20338839640553,94.96421243856999
2023-04-05,85.36144204547439,46.22402903623976,28.845278278653414,46.2883417765818,39.497408330891346,70.4883300855904,83.61238459807161,97.08974271492058
2023-04-06,87.42687077631602,46.22185319200679,28.665669247641006,46.0715676262552,39.62165125447595,71.23095048888351,84.12495670775733,97.62074327012319
2023-04-07,86.93994543160373,46.236228336246455,29.385678769749994,46.966224994003326,38.01542216598499,70.43410046008123,83.3941841679133,98.17791143289922
2023-04-10,89.03626985552972,46.24656078710309,29.228448419999797,47.09934761597009,37.79643915857787,69.90364736787441,83.33769481937956,98.5171700088185
2023-04-11,88.56067422903149,44.85814525364864,29.403550983832982,47.636879638335955,37.56230177965439,68.41929821292368,83.63656208304378,97.03717478978655
2023-04-12,84.56798086236311,43.98564275621458,29.792344414609296,47.420181750719834,35.90217756694579,67.06084443654501,83.27438493113763,97.53537557602799
2023-04-13,85.58819981329137,42.9212754654309,29.305224697736048,48.61938622368549,34.376088519252235,66.78680206105075,81.20205549527803,98.68587671602981
2023-04-14,83.84077651029872,40.51009178994083,28.600291673108245,46.89566545573429,34.39378555821761,64.39569224164971,80.37153089234266,98.20415165799527
2023-04-17,83.52349889000885,40.66704990714166,28.301609671169828,45.24790043778208,34.10403299105215,64.71675433107204,80.92114841000641,99.10908204333913
2023-04-18,83.91991925205664,41.25484127939998,28.922833327313256,47.549767369480435,35.068899858706686,64.45826350846166,81.63122986677911,103.0836760729862
2023-04-19,81.49257536165821,40.910238340035285,28.548546780857382,47.88032304272925,34.802236189572575,63.4582200455222,81.17911139745797,101.8447356937831
2023-04-20,77.85185083684745,40.44035887062351,28.801722168634498,47.55600360359075,34.946154596482934,65.492306648229,82.40129246155894,98.9043237966991
2023-04-21,77.77170938076036,39.996538848119634,29.21707261431585,46.799228991262325,36.36903235415055,66.27971154931265,83.544445602253,98.47735605670901
2023-04-24,79.03597622383705,42.4914085897258,29.782181349295673,47.25567436975911,36.6351150575684,65.80045954887777,86.02030201219874,100.60629870836186
2023-04-25,80.3527919920795,43.545440744171586,29.927815652915676,45.82713001970216,36.4650658145326,66.11376758635365,86.68146718746748,97.81157829968214
2023-04-26,80.30615180767577,44.862434206341376,30.649382246993657,45.78660749570449,36.6608204195374,66.41647400093316,86.9550808527491,101.30263452209344
2023-04-27,78.45038486220572,43.47159043444194,31.428313198215527,45.80328207448917,38.081930127448295,66.8490839576253,88.37497453565209,99.09107926851907
2023-04-28,80.95284208594589,44.57732857965498,31.106445412523723,45.38458727468233,39.50059882683536,66.85738310718595,88.76696232715436,97.18428429107722
2023-05-01,80.20866447044618,44.73695791577627,31.013036532268856,44.20020305249358,38.132187045923494,68.01964002131014,89.21225243161936,96.65572499147028
2023-05-02,81.35829923817684,45.13421784430532,32.17586302472594,44.10186518556502,38.662814988199266,67.68541403593964,89.40936070899524,94.8460747045445
2023-05-03,84.69372765068756,45.96731449481397,33.07303865557041,45.888965042835096,41.23481347790298,68.65487618967381,89.93249278777259,96.00994588054391
2023-05-04,82.90913418769577,44.59295021338682,32.33821395851302,45.21350319454697,41.4310896903625,68.52253007646014,88.48336408545136,95.08345614657524
2023-05-05,83.98031890274267,44.727131631229746,32.89279368777414,45.8063736069613,42.05160206253773,68.41081115205822,89.64588871993107,99.43733980562185
2023-05-08,84.84893698828091,42.91554494060865,32.546396793987654,47.45494691006797,41.47404101033664,69.29691733611502,90.02562711635179,102.5136791669477
2023-05-09,86.31959747354166,43.826852601308836,32.85161038788631,47.49749880578093,43.127336226324296,70.03405643235975,91.17736451534564,102.80096041581776
2023-05-10,89.35326290842931,41.81549542114854,32.63115153301774,47.89732456020225,41.980397568124175,68.07163836854865,89.93856243109056,103.74844858955726
2023-05-11,88.51699256643545,43.26781729631186,33.03718796276823,47.40641862877852,40.97877674168132,67.90922296864755,90.3314331164767,103.35352426883023
2023-05-12,88.081282286825,45.99623214931853,32.92038236306978,48.65177956435285,40.16038893547844,68.85682985684538,91.64323758970811,105.69620788462618
2023-05-15,86.2879985920689,45.967902841456024,33.18244440878631,47.720654036536494,38.79469822450642,67.83661871178771,91.24741655075745,102.23556591229452
2023-05-16,87.21232009969312,49.16205994899798,32.892139787479294,49.18040720731858,38.57214877525199,68.4674674430523,91.6171942665672,103.84286133209065
2023-05-17,89.34581302956292,49.557473937947975,33.12324232948748,49.86810601773693,38.80510558199908,70.27163697473085,95.03444415116905,105.47731452832103
2023-05-18,88.75484868864388,49.55993512262006,33.5831079670963,49.93578133241739,38.6026908868141,69.25182233993675,94.80797934081461,107.2300547340323
2023-05-19,89.35101351487204,47.93448669189521,32.65401462175217,50.920302037634535,38.34191273655541,68.9408742783871,95.06836654277713,106.01485957106333
2023-05-22,91.5382309719607,48.94412880191919,32.358580279579556,51.04297971201627,39.810791717629414,68.04823904708233,95.20552887797851,106.22573398452573
2023-05-23,92.71651852771397,48.88028604956925,32.838166399061244,51.44142913394588,39.850653327434145,68.5449499361323,94.9578982062154,106.42128134303329
2023-05-24,94.8056466685118,49.17092220836987,32.981139257977176,51.588377273670865,39.83468393244386,66.96540527987788,94.50337569980469,110.24637705814112
2023-05-25,97.31186988907027,50.51310074056916,34.43812961389102,53.11582340419609,41.114742926258735,69.48842414094008,96.89057098650389,108.36859469499973
2023-05-26,99.34798680978092,50.37637283308075,34.03244651381052,54.13412672896331,42.242475891665144,70.01769229334123,100.21412990584076,111.46339046573851
2023-05-29,97.30277810211724,50.15752195021861,32.672155894795345,51.20712061527311,40.376990659958366,70.1541375117664,102.5047706471137,108.75734147180891
2023-05-30,99.72210304651122,50.520031883472484,32.82969369820973,52.60040532080088,40.25424533345673,70.623298960433,103.58193552481293,108.8439623537477
2023-05-31,96.9338165142883,48.97348348179063,33.3030813544025,53.959798632545166,40.12723243207457,70.56207507749122,103.54489330731997,107.79428848639162
2023-06-01,97.55528904986689,48.48919331430458,33.6861496154657,55.95989236111023,40.24536668325966,70.19169082742238,105.1487326676118,109.6043240996321
2023-06-02,98.71122829542288,45.850805714018165,33.834858272061,56.032001707234706,39.683506869806685,70.05034374062419,105.03396743574056,109.89124853275457
2023-06-05,98.56880212494787,44.60887263643935,33.75044287245816,56.816249761436694,38.84127398720253,69.94556598649842,107.27007427988774,111.87512974803425
2023-06-06,101.3271877932792,45.21040369526021,34.65257835356902,58.436475771670075,41.92051869934772,72.2431869877672,109.10232153239245,115.5594495244717
2023-06-07,104.30468912586937,45.32005419902143,34.98207201742506,57.642126827246734,42.7000580474808,74.27974205029977,109.57474148910295,116.98883014324005
2023-06-08,106.70000487732781,45.54399672525079,36.07520401279513,59.46601340651914,41.48492972780414,75.32077508347824,110.04638674940006,118.07397101300784
2023-06-09,106.57389812218452,46.29258061867646,35.136548042085565,58.28775200147671,41.64194611567876,73.09956647859154,111.11974415644042,115.04703597611935
2023-06-12,108.06801033068305,46.31051847862029,34.5457278612616,57.805232274952715,42.453675859580784,73.56064340917979,110.61848655366896,117.79222078492501
2023-06-13,109.6992664347641,46.8020620225269,33.628075774956734,58.38236212762005,42.76662863631574,73.96630944110687,110.10924759963943,117.55962099653925
2023-06-14,110.58702617340396,48.69375403312436,33.34852669643483,59.08690221739232,43.74731441934351,75.60477140066142,110.99809504051879,118.67289536701223
2023-06-15,113.54079836659884,47.470376688582185,35.579313781344545,57.25596163000143,43.0983105609692,76.513699741427,110.54453019350544,117.20418259935079
2023-06-16,111.10194697989448,46.93112618680993,34.21112279218194,57.019582668207015,44.06721578438794,76.1464681782275,108.59391320126065,118.0113676996205
2023-06-19,108.76498326776981,45.01624843674102,34.3580262174299,56.2258387831531,42.86029087527823,74.62167873677768,107.3856490277151,115.00272796507781
2023-06-20,108.5440073304855,44.259861197133574,34.04061534576396,55.6728403307937,42.246210153427654,72.97487213486463,105.20092150764671,114.67085413668651
2023-06-21,106.35660805949578,42.567478758294484,34.06697852015031,55.42760286037589,42.02358076006695,73.03073677979054,104.4251952983339,110.69785723323778
2023-06-22,104.62383682216155,41.532810646929114,33.86311799201215,56.49792911502981,41.55537641769448,74.27681172012318,104.92207391781957,109.4593925825366
2023-06-23,103.07873119023196,40.7032481381295,33.050408478449185,55.9400959595666,39.42700085648647,73.96537095314322,102.96382691741671,106.31792099209649
2023-06-26,102.36263830386768,40.565638034117526,32.70983203832675,56.01443489704018,40.183850990784684,73.56691629990272,103.63070597795006,106.00262726394661
2023-06-27,98.95335899284791,39.80651812129592,33.22538411567568,56.8669651126797,39.84901388117351,72.03203133712083,101.92579094785819,103.69389314430602
2023-06-28,98.51183962683756,39.72747570356734,32.8254279710249,57.09253462691433,40.19504881185201,72.44026806521558,101.83813681827466,102.84283980499076
2023-06-29,100.69775836000915,39.63115079329148,32.77322024307171,60.55702165397409,42.491243129247245,73.75355363140119,104.8145174368859,105.42294997217388
2023-06-30,102.04398763669124,39.703279543376894,32.86657764343561,61.85279437126414,42.63968578962024,74.74812367796942,106.21600956747857,104.0576053466686
2023-07-03,102.22032698933505,40.893254556009616,33.74284354546656,63.02597741298072,42.51538687482975,75.95605469259209,106.83055643874316,105.51620298272093
2023-07-04,104.50087442743933,40.83520597695164,33.2186812892562,65.49376255417042,43.25072591038256,77.52598146852662,104.57090362866387,108.76990298381934
2023-07-05,104.16634311439886,41.08230327989736,32.57232883163152,65.80107029953683,42.937669572808815,78.30821647835918,102.93036488473432,109.76938887706521
2023-07-06,106.0816112289105,41.0620750871886,32.64958152937237,67.72357544979492,43.90740898449653,77.36079502586362,103.0720704299428,108.41455288071022
2023-07-07,108.2384514436292,40.58697785218469,31.386224372522175,67.77995595255494,45.71605990240505,78.30214795886012,100.63780848163435,109.00509256535392
2023-07-10,108.38212233600296,40.785080791783784,31.81097088590789,67.16571922869905,45.63907745482975,76.54883856399555,99.16328530550537,108.84933719119664
2023-07-11,108.48432364807547,40.00185539883008,31.48652612835913,66.78072728966454,45.49111418544221,77.15645263675592,97.16176386479084,107.20518479118722
2023-07-12,106.65541703391571,40.18040938724112,30.383420344157035,65.19192809985365,43.93403293662743,76.50462975864457,95.68938076585306,103.68046087148137
2023-07-13,110.57317957326894,39.968032827103194,30.111099387941575,67.9433579022918,44.481377218507596,77.00806013391356,98.32360262783048,104.19684083398542
2023-07-14,113.31964149932453,40.81852831514735,30.454970432154116,69.13671394924121,45.6896250553578,76.72287627315006,99.96084055971575,103.8293307251619
2023-07-17,112.37866389351277,39.93185963276889,30.168913568075773,69.09563143014722,45.38475882839535,76.65133076111047,102.11040773741372,103.01707440521406
2023-07-18,112.21410314779169,39.08265340921645,29.735902266595836,68.28664666598092,47.42068660196315,77.88260646788851,101.35314462726635,105.01968743474006
2023-07-19,113.9242418286997,39.08268413206746,30.792300958197703,68.45633069943108,47.444424969057145,77.17651815898544,99.27015461783864,101.62202547314344
2023-07-20,116.15885160628564,39.44931348567104,30.298005043467036,68.5897822415187,46.76745008143604,78.0692613384358,98.93525382257977,101.49736261771385
2023-07-21,116.91627612804568,39.82573518017294,30.16380394476751,67.52625183747139,47.03314581441831,76.10886593323455,95.49033169525887,103.17374149406167
2023-07-24,118.2893582503825,39.68708859023053,30.643400225377523,67.95201579620152,47.93846054692969,79.29496939403617,100.20301577768757,105.11613879472013
2023-07-25,121.01624867946684,38.59233091624533,31.523762657237793,68.38475549880366,48.4702454277546,78.37290312014287,101.88086725012533,106.35826309033767
2023-07-26,120.29266134257126,39.416896827067134,31.64860548940024,69.22812877132876,49.033364308276845,79.34650957430775,101.25599913595805,109.49583568916746
2023-07-27,119.97727312254275,39.07910157546068,31.22352945206314,68.45927542281461,50.36066440449335,80.39484469177698,102.72946254428892,107.66950793387613
2023-07-28,116.08041500361878,41.10692436349393,31.39270466630617,68.35754251554022,49.86249177705884,79.66193835289899,105.39560877453675,107.35297318362944
2023-07-31,117.22323099208356,42.11162585969313,32.356499300845186,69.08377927598426,51.40313788760257,79.66739005272242,106.3870075676774,109.51967033494738
2023-08-01,115.26604767037155,41.19552553282713,32.63836613484883,65.9319912662695,48.83750426359525,76.87354514646894,101.63293744119797,107.94300812547385
2023-08-02,115.71071243493365,41.63522428775154,32.29238224905073,67.67820998288965,53.127530840052145,78.27314426501765,102.50527128499037,109.65552014938812
2023-08-03,119.13072103637516,42.73538222476384,32.58648249947872,68.47889085256314,53.33403684620204,77.72288395070191,102.94307925172336,111.41839180788936
2023-08-04,121.94634491131758,43.485372775668324,32.67366426464642,69.31727220209811,54.138609686225394,80.16382656860758,104.61038728835487,113.59841589778713
2023-08-07,122.87878553134573,43.54413699050435,32.41736790717827,65.61500895540766,53.41559498214825,77.61947809208654,103.41169792025322,111.72092236200655
2023-08-08,120.28822357649454,44.57468811828565,32.384057614064886,64.37306558813553,55.213634243041874,76.79444760741515,102.28834734525924,112.34104747886322
2023-08-09,121.52702628079113,45.158255553791705,32.00170236890885,62.06371642719614,53.99760832538948,76.09710841732753,102.8625795473459,110.70540400288671
2023-08-10,121.19972466119775,44.806017893741824,31.238450336059437,62.90849631424139,54.5253267974766,77.4494186351251,103.94927615523937,109.27263229763585
2023-08-11,121.48215735810042,44.75439098660053,30.741699566119987,64.16618265772678,54.76733642113484,77.398334701715,104.42944328755539,111.80128206017763
2023-08-14,118.60944494002612,42.482710550688935,30.30705265407549,63.16995888930207,56.429675533176514,76.1913316978355,100.8897480069428,109.86927451520728
2023-08-15,115.31207158851677,41.175499084039416,30.575462045227862,61.25759852758441,53.37490148096004,76.23308245517603,100.24229183263682,106.51836959485131
2023-08-16,117.6163746777972,40.90337677732799,31.81792267223839,62.83039232069445,55.52714453099411,78.28243117587,103.2473781380764,106.73608950534825
2023-08-17,112.39485761676555,40.23276348916602,32.26496973354176,62.23371560763072,58.68276435862622,79.0003883198683,101.72810843823382,109.10998916667506
2023-08-18,111.10134819125156,41.72209241292539,32.318124675909445,63.52100414898023,59.38165704855037,80.10684994076189,99.4259186695153,109.47445686132448
2023-08-21,114.87803005679706,41.68837568805078,32.4154531233977,63.492469655806005,60.508199381421,79.19541530014328,101.11515084695478,112.22867382503279
2023-08-22,117.25937268291898,40.35890605108135,32.20420203890978,65.35024582518953,60.12487403706041,81.24310829710815,101.31255097474836,111.80759283444442
2023-08-23,116.65032622947878,41.85605751919917,32.07041877438956,63.10830357752978,58.160755450552934,80.7135047848046,102.00653878655223,113.22619036814994
2023-08-24,120.61994542777455,43.00373171450216,32.54281025015149,65.60047901982922,56.749657021131505,82.09158198889105,102.79440567292625,114.05330724702537
2023-08-25,121.62854289063145,45.44978695830137,33.312433017185555,65.92295093101419,57.37867918253297,82.71315605225105,103.81369445761378,115.76366979468513
2023-08-28,120.53749627854842,44.97568039878201,33.31208029776252,68.91158167281893,57.5664437207574,83.99134393824251,101.87622790398585,116.42624185111976
2023-08-29,117.55058633434129,43.49738380495453,33.372141555128884,69.8597833755467,55.912585531857395,83.5360822398346,100.74769807701794,112.19425646498169
2023-08-30,115.57826538700697,43.83929171284949,34.111289915761866,69.66616670055419,55.46133269628759,82.92301909216665,100.120281977964,106.63507221702639
2023-08-31,119.74555150940068,45.55677069818172,35.34062453833626,70.26966594731972,56.561276872835144,85.88116448251702,101.18970295024577,108.3894182897226
2023-09-01,118.53301085366417,45.42136625964927,35.159171265615996,73.87823249577701,57.71849652487276,84.3673563675095,102.02130145990985,106.65246122608832
2023-09-04,116.98945817511778,44.20138175643262,34.51858346567981,72.10115490867143,56.72692113083643,84.3953539336234,101.16145971746391,106.79364403393842
2023-09-05,112.45753020832379,44.74763829287343,33.61924304622578,73.82688163519788,56.887881253102044,83.29199996357225,102.35790829725855,107.97339653588762
2023-09-06,109.38132367289974,44.03575850538221,32.918303510502966,71.0491430286343,53.41061361729375,83.52257480630752,100.73370581804167,105.4820441470395
2023-09-07,109.26542848389644,44.75132915811718,32.45591014191642,69.86516821708204,54.22346408614356,82.1204850747984,99.7886099880488,104.69464733463046
2023-09-08,108.91687745554611,45.04247836379777,34.18588556006147,69.08319304205659,56.473899885232505,84.00069083826837,99.69361624571314,103.85965036059173
2023-09-11,107.20706903796565,45.0072514610417,33.51214964679181,71.85786417663385,57.46079114594072,86.02359674076789,102.31812825807556,103.10391854783366
2023-09-12,106.4146539109216,45.00432614368167,33.424849478006095,72.14531115630595,58.56371640701662,86.23614895700031,104.56130039298496,102.47232469518966
2023-09-13,104.51891513043316,44.8620629960942,33.01427594816918,68.16725177010031,55.75961206156344,85.13402535678927,101.24458145356762,98.49389071286399
2023-09-14,102.53744442739122,42.66528799949774,33.70574844741576,67.40360225316192,54.55592804137388,86.25931753657622,101.51079434461231,98.32864845764817
2023-09-15,104.30628782951864,42.11518266612746,34.01950035771671,65.72873569925822,56.79610973830203,87.97659318615685,100.51440405037833,94.70772368141199
2023-09-18,104.15616683050482,42.14678691621635,34.0094341328466,65.76917874718231,55.88904423766446,86.30999570684467,101.71582027025721,92.67854705123283
2023-09-19,102.920330178369,41.52632144166568,34.57552516699063,66.02161468704207,55.52648314413964,85.04744726292571,101.75736725233622,92.4390376393492
2023-09-20,102.89602271670407,41.1043713721175,34.72554685049746,63.632767178307574,55.74875012335622,85.72742277295212,103.93177120594791,92.67648680391207
2023-09-21,105.26408708985585,40.08022724150521,34.412919581670955,66.10676714001018,56.13926739788523,86.21249185500155,103.50697553264325,90.68735931522218
2023-09-22,103.39906172155048,38.29387577484153,33.697379837279875,65.09000120889512,57.771958110663846,83.2853978413699,102.18627922367921,91.37376677850649
2023-09-25,104.52947193575187,38.3936035265738,33.457934109888946,64.42522438939163,62.03706077123794,83.93177658891565,104.65319590446013,93.49076959419317
2023-09-26,107.48954586195913,40.23968143598351,34.202351461489584,66.94093911088768,63.752697301323266,84.61851026663828,110.02519074623287,93.29588829655907
2023-09-27,104.4014097013799,39.39625636637468,33.29349326154163,66.11612989671758,65.51590749300182,83.60330535503306,108.65380324586106,92.24686737408005
2023-09-28,104.61467572372595,37.338341725153846,33.04165654515767,65.7484553982077,64.62053632736327,81.77876264962676,105.2758243379278,91.39620640111137
2023-09-29,105.19246440916581,36.61714194740981,32.91611012623739,66.99136261719178,65.95524598478295,82.14487072783935,107.02395999068091,93.38657064031474
2023-10-02,105.90714499673425,36.03744721244497,33.80918006562062,67.76059269053735,66.15533627752286,82.76401220402899,106.58766900269859,95.25541529714728
2023-10-03,105.94775633616501,35.42649107154863,33.89665226405862,65.69461658506026,67.16909590074276,80.8010856547703,104.19426067508503,94.66823113638428
2023-10-04,106.66888736179959,34.50866043266968,33.65988566037032,68.60532439775324,66.83560045499478,79.95908673442722,104.71380318041777,92.87921823020058
2023-10-05,104.28852933314296,33.338191307421425,34.11336003208051,69.79635353615619,69.96817422654438,78.27700654031932,103.10339511108968,93.24167234065585
2023-10-06,104.29028399755458,33.660358249489775,33.7226066247912,69.27283888422699,71.15143162808623,77.41544505257296,105.41438122740487,92.74162899638091
2023-10-09,106.45677755237219,34.185618735582594,33.410070667836706,68.70632898558257,69.0578542584292,77.96455545982138,106.46061778875666,95.17407336872792
2023-10-10,107.13001629323824,34.35049859514185,33.606303504483094,68.32937173009452,69.66763126713882,78.58792500678645,105.68677533429901,95.78220452368784
2023-10-11,104.86652352909034,32.5418289074357,32.46345006116709,63.11987150132795,67.78091797135843,78.13162607887188,103.72188191132771,92.37754608145357
2023-10-12,103.64468959710075,31.92045007897604,31.92898445301454,66.47570719209274,67.61692052182283,76.60658629380069,101.04236592446847,91.84350888381033
2023-10-13,100.65590431195196,32.229529807357395,31.569558603528936,66.42893150003844,67.67130333273059,76.21871224631984,100.68713766620382,93.68549020439833
2023-10-16,99.6473033835661,31.905210349206722,31.99263911685802,70.74319178376973,69.78599654692516,78.13579628758917,101.49681662907584,96.10415385275374
2023-10-17,98.96865163791482,32.018300253226705,32.0606740949623,71.43641285058223,71.55004395718964,76.43980058452345,101.28553998063495,94.74667721908767
2023-10-18,100.443035775099,32.03789697507345,31.993304445554557,68.94626346913343,73.11133657103093,77.79574174230339,100.10063033667502,90.70956840283996
2023-10-19,99.37167792743928,31.4989360067546,31.976126865408663,66.88675128506173,72.40784893811097,75.60548824034089,99.5262672245457,88.99033041304534
2023-10-20,102.53396990996339,31.07352175079244,32.08600981751866,66.84296261398812,71.39043730068455,75.36778792179868,98.8340117163641,89.32505371891222
2023-10-23,102.25225677731228,31.711774899768322,32.24585775196651,68.66093693919703,75.32677289635218,76.13934017292631,98.82375326062214,91.09696269493162
2023-10-24,102.80718710773641,31.2049420936901,33.14622311565212,69.33373594443191,73.9943260763574,76.93559775459761,98.29834481456928,93.57217241683317
2023-10-25,102.00712475912616,30.942989829886855,33.74152197795849,73.59825340126562,72.28017630982647,75.16122029865286,99.91306443214036,95.06298242894134
2023-10-26,103.07864340509582,31.03506148522426,33.86371978883425,75.80288219571294,70.06955533450827,72.82024251563766,99.43733821612119,93.99246394644564
2023-10-27,101.31448024911906,30.23832985068926,33.86886058492575,75.86425188206391,69.74309668376256,71.38029190975492,100.21970887996036,93.4507115111855
2023-10-30,99.17189114705295,29.790767090170288,33.21217103910324,74.88470906800515,71.08742011622608,69.7776990742437,97.16608224124003,90.23618254970256
2023-10-31,98.49153369401328,29.666922021021787,33.881822043704496,74.80641391611458,70.89906876638484,70.64713128243791,96.7592089614608,89.40884297752048
2023-11-01,99.93291846187134,29.9696473669027,33.70428750415239,77.33452263759462,73.36513046480438,70.14685630710288,98.47822510328628,92.09153555827275
2023-11-02,98.63387006831111,29.404357183684425,33.28282310294521,76.531325449454,73.84849312907049,69.04216743213867,96.70483656681877,92.56353017758137
2023-11-03,101.54370822237664,30.469244063663872,32.48449546887245,76.44526666435624,75.63978007256233,68.94775941304869,94.75701186394177,92.98162026853197
2023-11-06,102.93282015290004,30.34177562298745,33.368705636960705,77.3314116016026,78.15436073346734,70.39868505290254,94.59037924638419,95.93325039467041
2023-11-07,103.12851734483452,30.93763324676454,32.948681230154776,81.74492836447213,75.87896233507267,71.3172174441676,96.57265504487732,99.53732272229888
2023-11-08,104.35049590207647,31.54667898202613,33.5255384094934,86.02279212705888,78.65372863466027,70.57424349813627,94.2248083318719,99.76072712280175
2023-11-09,106.79646834821126,31.628484596166917,33.49070787833814,84.57617607234012,75.32305385379996,70.25950435085481,91.97387000768606,101.25591121216127
2023-11-10,106.33152111757201,30.481948006111068,33.63889650666622,85.71814492841567,75.91395687855749,69.6890286594807,91.2828862184755,101.4393767588857
2023-11-13,106.35424718353374,30.265556021408965,34.44786128971697,86.25006130685176,75.27701963582925,70.01459943600298,92.6366643780601,100.0471891520906
2023-11-14,108.99464517399984,29.028554258269853,34.700249287289665,88.44215106211902,74.05981043631219,69.8826317022993,93.48664443509651,100.95616584550501
2023-11-15,106.25609510087912,28.923680159171965,34.2274907780893,87.58774569750969,71.61217946183052,70.42885964770961,94.64828165472176,103.29372224767297
2023-11-16,104.48026486048,30.130245295725246,34.3855187277116,89.35620179629161,72.08541224687237,70.94812772447683,96.17882721987218,104.0147534477036
2023-11-17,105.94364154349032,31.017429631747497,34.639352341784196,90.91441522140151,72.90013114696019,70.97258634431827,99.40803391957951,104.59918310956995
2023-11-20,106.61952255644277,31.285904007714993,36.27121952184184,89.86721077034393,72.76124117410502,70.89028935546192,101.89778475152133,106.49074377677317
2023-11-21,106.72660029719441,31.32698216637619,36.06240889207413,92.10882040271784,72.7914923252668,70.48231923564188,102.86260932678479,107.69187481613265
2023-11-22,108.98954695670254,31.36279984608317,36.468104162909604,92.26128886479565,71.07075471592819,71.99188254223758,105.5510678924812,106.85334220449114
2023-11-23,107.3973463661809,31.30123634113687,36.05955364683036,92.58206712120653,70.79587138508961,71.34087703145595,106.41795581333426,106.5643874932053
2023-11-24,111.6714904431976,30.57053080800116,35.440114348944824,92.71443055357369,73.03838625958971,70.41102716395994,109.25401554108294,108.89296628205176
2023-11-27,108.63945459432554,30.17757949384215,35.555814225052444,93.6801562154276,70.4530369240222,70.23973507408755,107.4055957610513,111.11294564986353
2023-11-28,109.89319741477603,31.221937929371745,37.54143345936972,94.962338154736,71.10774446485429,71.02837556651384,110.2457859640991,113.4848760324071
2023-11-29,112.91365113785007,31.566484854429604,37.76915275885152,98.01255690506657,72.42175804721244,71.967703537629,112.91935861115225,117.81983644052735
2023-11-30,111.51178637585977,31.167682517307856,37.49305528500846,95.70664203707187,73.13236403440852,71.94424736892545,110.84243208389061,118.03083117736027
2023-12-01,114.49426636187698,30.401740700366684,37.571397548084,88.73544005201904,74.81237569297362,70.72023041415788,111.16819894624301,121.82859804465659
2023-12-04,114.06270800027345,30.409109706340125,38.52385629665558,94.37834083242208,76.06249443268884,70.25745767028351,111.68836189817944,121.45632756965361
2023-12-05,112.79541616020786,29.212525575985637,37.94262396377865,95.70254731470818,74.41586373272038,71.04066157361389,108.23862085972824,123.16637363113489
2023-12-06,112.63323656420596,28.614847522774102,38.60464691742692,94.86288493056446,76.01628563532695,69.18486747940153,107.64235826480808,126.33781202209917
2023-12-07,113.61933774607172,28.046371943288232,37.98361915534267,93.86637925685024,78.99365047002559,69.56325941496178,107.69010705497043,130.62321161956766
2023-12-08,118.20870654562945,28.646646954815903,39.40447660252856,95.22752755099533,82.1507631033126,70.17725221788497,109.8381520201798,131.5725398945461
2023-12-11,117.45263686599768,28.311563561073065,39.19250114885093,94.40278246174486,82.83557102464478,70.07309954950604,110.0973893987071,133.03807297875824
2023-12-12,119.51129160168436,28.502328952641225,38.852166595218556,96.36506225162819,82.50914809704882,70.75573708718501,107.93621497506679,135.98754403767484
2023-12-13,121.85630376280493,30.244547707185962,39.83112644302645,98.11868764900278,84.70519905123392,71.61232127098525,110.07877550446364,137.7442874468785
2023-12-14,122.37110273862083,30.410016036230978,40.97964996183373,98.18789477841192,85.83678650324953,72.91509868642278,112.30457403495338,139.21093748180266
2023-12-15,121.91310883221601,30.557129923917824,40.83170597054426,99.0604044381415,84.16865086913609,74.73423393465414,110.55344745448532,137.88402172993733
2023-12-18,120.96307085367735,30.963592660829807,40.71330491331783,98.65688180247953,85.82579025663117,73.92606904350862,111.0414896415774,142.06682040373045
2023-12-19,117.38817540779087,30.298232838163536,39.43617402488775,100.0040877671499,84.24589991102272,73.22543773645644,111.23445478616586,136.93210623895857
2023-12-20,116.58307526510131,30.60345989876265,39.73987592340831,98.76892480287322,85.20322600356329,73.20284411254374,111.61529350978829,135.67433057508723
2023-12-21,121.86375222495136,30.678516602412373,40.695255521610044,97.04353821881423,88.27803859078098,74.11227910977861,116.25693322018101,138.7903415803486
2023-12-22,119.88070209570336,30.579022185694864,40.07801547601888,95.88018555484781,88.16869186902105,73.71961711311168,113.43680385970866,139.251196872727
2023-12-25,117.81878866455479,30.873346961156585,40.48406174697606,92.27479817113233,84.48689501244594,74.19163292038682,114.59677980830877,139.83368911499292
2023-12-26,121.86980558713165,30.8767107812841,38.977892129047966,89.69070741945438,85.48816151798317,74.57035154387775,114.00770292926002,141.96465642464295
2023-12-27,122.44281534398857,30.304637445897136,38.58924046469888,88.5553782039073,88.81282345207272,75.30646178214795,114.78958942527163,147.70531302397518
2023-12-28,124.03486398847824,30.9483513563791,38.9500817749465,87.91505542733728,89.33606044774648,74.16606149311417,115.11034278126395,147.67108419409416
2023-12-29,129.3535127303429,31.665219295883485,40.50263972554685,90.08562714834679,92.68891527374961,74.4171654869763,114.75102357882217,153.24007390732814
2024-01-01,130.29063667511085,31.077845506981824,39.81707571508113,91.51028125508505,92.15695451589444,73.54654865331624,113.69750667778268,151.61304242711282
2024-01-02,130.86341522887943,31.727415081828866,39.482241641477096,93.19723343229701,92.72853036524961,74.48602925148532,113.73507231071906,152.69081380318204
2024-01-03,126.64302248662094,30.652045913654074,39.70252252147672,93.75788045919383,93.90861491835294,74.4125413284979,111.35372329469881,147.0084328600588
2024-01-04,127.67663302153483,31.113373813403435,39.948232939436835,91.3725925048085,94.1225207662452,75.36604272419103,112.70616175070226,150.0836675933391
2024-01-05,126.91666039095887,30.875563219361933,39.5203086173283,89.52035680929747,91.94965917379281,75.66927552280515,112.00830980631036,148.85889769950546
2024-01-08,125.63277144857707,30.2233278680954,38.73713372958163,89.62254785893106,91.28873526904415,75.08000903029338,114.75129370089614,147.4265910819063
2024-01-09,121.75565652695545,30.800150470468058,38.30162019537244,91.33870566002753,89.91838613082481,74.07800036526915,112.39064475071875,146.01220411498014
2024-01-10,119.10217926727982,31.190147006163215,37.59397370722705,92.02964557865782,88.45046592047005,74.50784715515515,115.81362223290266,143.36185375323987
2024-01-11,118.11499943226819,31.19668517891396,37.6110874007686,93.92897161385798,91.47185155008648,75.40446671394245,115.79420841512756,143.97138577594012
2024-01-12,118.50814055323067,31.722965715108813,38.04857664651794,94.10171528376225,94.82355343642065,75.20928318468225,117.92056271634858,143.04612499178396
2024-01-15,119.45234126211672,32.721289021345754,37.00292203228057,92.79521333451845,97.13663372453821,74.01196507342567,122.62643094949455,143.11536921207727
2024-01-16,120.89467411719205,32.24899381896883,37.9687849593094,93.55979724931608,99.32948667241749,74.80486883118762,124.94717612202308,144.09815277486274
2024-01-17,124.42578229013088,32.46639841061828,37.97883427819094,92.9248838956395,97.58589352070874,73.32160965046943,121.41364406597914,141.5769556039187
2024-01-18,130.7178060254822,33.29941170355695,38.089522522121264,95.916039457834,100.85881355235244,73.41339424742029,124.31555959730264,141.9446371151014
2024-01-19,135.10925710224618,33.456988179828706,38.948840360333556,96.43742935674932,101.81268911361066,73.55952505459771,126.30768961836863,145.90017935340526
2024-01-22,136.59319867303003,33.97647681451277,39.12098713829981,97.47246703627462,103.51824181516315,74.06707292006932,125.62527892026526,144.11679524105222
2024-01-23,137.13696270012463,34.42652922718409,37.89970966130551,95.92408367695859,103.58647276438866,73.23196598685354,122.11222122212173,142.55327877320616
2024-01-24,139.346111510003,33.66752586865427,38.54372138564961,95.78259200777686,103.39904383471557,72.81594493033214,123.42203775777492,143.00608250980991
2024-01-25,143.89773260487547,34.659404156246296,38.40921567633863,98.33309512424538,105.60855254969884,72.24616189663584,124.94228110531257,140.99372302902606
2024-01-26,148.11910716616043,34.844514992681574,39.39413555703798,103.1380563930983,105.27521784063546,72.80472527672302,125.62777509137796,144.38693334243308
2024-01-29,145.12219598430917,33.634573243997146,39.33060878057829,102.51127434557834,105.6757402210989,71.0749596553501,121.5123726039841,140.52347490594573
2024-01-30,145.37348531116936,33.2324816040623,40.31757279147431,105.30236143688465,104.07169776862888,70.37438189947387,124.51785931763642,136.8982129936348
2024-01-31,140.21063092455347,33.69205226370425,40.875311010995375,103.64396471238729,102.50240884761676,70.27201235346297,125.31057153463188,139.02306184161205
2024-02-01,137.19965684285717,33.751226398297625,41.280579851069035,102.72709158729235,99.73079229041875,69.3982699309159,126.77545808448836,141.27487716358934
2024-02-02,140.6487124246674,32.892859363440195,41.16839348738611,101.0444924659399,95.85925220022155,67.77929849250451,126.89494255926292,148.35981877311488
2024-02-05,138.91463770472834,32.8901916206956,40.10930811244455,97.73566150433687,93.31044403369029,69.10118812185276,125.60931275078153,145.36776086551444
2024-02-06,136.74635121575696,32.69790695851165,39.21385967586872,94.40928607726198,94.51814586375708,69.26036412513764,125.40970776755059,139.69298018834954
2024-02-07,132.69027024756159,31.01647740309056,39.41680309414835,90.07478430352849,91.5330667048041,67.38044084712143,118.87032629531737,136.8956019692449
2024-02-08,134.26575047765675,31.781886982867594,38.83040689555083,86.9900634640609,91.01670418046412,67.46730472074256,119.41695510819719,134.58608194195656
2024-02-09,131.14001955580522,31.4227017902317,37.66480072770808,84.64944817353228,88.57585057135336,66.74389256083927,121.38007635132084,132.63941076177028
2024-02-12,128.05654890398534,31.908552411187667,38.06743118125012,84.04926031276946,85.48442574987175,67.75238750060673,117.61738612898408,137.0991526419767
2024-02-13,130.63516221200058,31.163445230918356,38.38235412884161,85.12826134152527,83.6060780230834,67.92646967983887,117.29645909127561,138.04145228368395
2024-02-14,128.1418639953189,30.77500356265091,37.62740200684496,81.67206165991074,78.49901241213956,65.9958637338512,111.01238943895169,131.84853593165525
2024-02-15,130.09429859147727,30.081898245065442,36.70817094748105,79.63187716739674,78.61382932166929,66.07804757010338,110.55648481474768,129.46193133295597
2024-02-16,133.25472552710912,29.040427029533888,36.56104089639409,80.00385539963193,78.01383519955907,67.81452480108328,112.54824908517597,130.8059826997533
2024-02-19,134.12429903181052,28.297548939717714,34.72113983615588,77.83115543094344,77.69804948471715,66.38817114784426,111.31237066382052,125.64205243980582
2024-02-20,136.78153533393672,28.339864357581334,34.60442863150274,81.0165933448249,78.44243851589712,64.71415526329308,111.95729235445147,129.30637616204092
2024-02-21,136.44699231417707,28.091192688727673,34.47378618170919,79.72075412240387,78.77091918074483,63.8572315174141,109.19161206156728,130.44385175183368
2024-02-22,135.98813773900062,27.240873939072895,34.306288560425045,80.29773335273495,79.62117032063797,63.652326101314586,104.95252116132467,127.45480659783011
2024-02-23,139.72207623736819,27.34528416746638,35.2850000075607,83.24827615438629,81.54791532978996,65.08799763969202,106.06279116480883,131.26344572793937
2024-02-26,139.81081030846494,27.561140632710273,36.42483140821152,84.09811171263127,80.3581804878536,65.41507567737311,108.18902918512298,132.2675944951947
2024-02-27,137.2351799803837,28.33766718608533,37.54780804282461,88.36349621413495,85.35717606190623,67.83652830883787,111.96326538085883,134.50551165138927
2024-02-28,139.02896036198422,28.255828321347057,38.342612229787065,86.72675604039118,86.14157317468967,68.57007942063197,116.73438445948526,139.99376026031976
2024-02-29,141.43874534866174,29.253463404916168,37.9321738594245,85.43328126563304,83.47143053196051,69.30272801131973,113.86627310379728,143.33263475935073
2024-03-01,143.11732621729905,29.361842682257027,38.29157377910082,86.72644023499656,84.56087353537633,70.05822129038586,117.02367316434616,147.49343755828977
2024-03-04,144.36672509998334,29.257596686533777,36.91188334468502,89.02296048074703,84.58745516283298,69.16878013415348,115.00671970082598,148.49517164948588
2024-03-05,144.45348995624227,28.69471020858819,37.11778955675003,89.19973272329945,82.33776472904256,68.91658143226337,113.97976294540004,146.02800821484877
2024-03-06,143.26852933572286,26.914750717668284,37.92610146564304,88.00134554111237,81.60305814796395,67.80270874512657,114.51288806814773,146.9262174818107
2024-03-07,143.32134738177157,27.261767957358995,37.958051787951035,89.51580632649328,84.57939249756649,67.46915442256886,113.9224845002903,145.7248002374222
2024-03-08,139.55845306300824,26.745838464800666,37.86495011694056,90.51681845126998,83.45780949606406,67.27372307894744,115.21071460090117,148.60536345144098
2024-03-11,136.4023197985319,25.968624321244434,37.192450578630336,86.56074154713315,81.85872702660889,67.07960621672945,113.30966066259248,145.6164088112862
2024-03-12,135.88174533955825,25.569256136004046,36.73777200163367,83.2802532465117,79.19626366991172,68.51773699495456,113.33686425745168,141.47473344845136
2024-03-13,134.43632016404,25.406745591750898,36.077651640116564,82.40000966896687,83.13727589945918,68.76865954168801,113.90955102740045,139.1131413856565
2024-03-14,133.6181156778633,25.728720656443965,35.71823541450495,80.31998503140699,79.64853500465755,69.53944416628083,111.2633680818096,135.54760952546238
2024-03-15,135.1684497375858,25.728454171736566,35.140820579808306,80.60942084063338,78.15846232378202,68.03506402851798,112.18205992289202,137.60316816748428
2024-03-18,141.94970229122148,25.668031225699657,35.06889470087447,82.34662303850388,75.78686655124616,67.97787535661524,112.58703328011926,137.69670614510062
2024-03-19,139.88428309073817,25.75674081866372,34.526410567626854,79.45252670494628,74.81949723510137,68.20882172018081,110.69372664517294,135.43051047216383
2024-03-20,141.074072689633,26.33337610594102,34.48629281706057,78.7968229739435,78.256875815992,69.11523300971972,110.31673316862384,135.68104256495462
2024-03-21,135.83268087795835,26.57567786739478,34.50353524601096,79.59581528088262,79.82914177704029,68.61538689669536,107.41059035461446,137.63155631779935
2024-03-22,133.67877003079508,26.50077186449205,34.21203376392021,77.38200703144854,82.91969313869338,70.39919668531584,109.6700564113494,141.99742580049318
2024-03-25,132.051414814956,27.289854415666806,34.07427202926632,76.4650443736798,82.48199904007878,70.41069248096831,109.05427790290523,137.13391843208552
2024-03-26,136.62701598655394,29.371911735466316,34.40583035368657,77.52021378325902,84.10077703614198,71.61249865814916,110.2333909927404,137.45807584607527
2024-03-27,134.82807354320892,30.54008451501452,34.19099680176565,77.05185468138002,86.8414590038556,72.15018805205642,110.22406665075422,140.08155035986837
2024-03-28,132.78318703367734,30.853853258156537,33.588513253354265,77.98306442437087,85.20778184518291,73.49467906971105,107.22239391893952,138.34381487478424
2024-03-29,135.42097854779166,29.853383167936457,33.585556558362526,79.46478194339063,83.95791852951362,73.95161743464895,103.73252454554279,137.13561199591905
2024-04-01,137.85870700037935,30.359875457129895,34.222169774719696,81.92208697217366,83.00341543659783,73.98415445482584,103.06096551575037,135.49583671358147
2024-04-02,134.27056304926657,29.23444865158772,34.38636873691024,81.60073303226042,84.69298338867867,72.53107588659516,99.8101390145555,134.42303747390343
2024-04-03,130.21439029508673,29.311217623328588,34.19940111694476,83.96584092953329,84.140037361193,72.76479253731286,101.600395125786,132.76216918216838
2024-04-04,128.09206328664055,30.522630423878585,34.36096726847679,83.8678773713029,85.26715938463148,72.08136164379357,102.28890811211062,133.77885641667422
2024-04-05,126.09146058508806,31.38788018951402,34.272165662387,83.32035278271492,85.36116514127154,71.57331152170887,103.2247884056612,133.13968760082824
2024-04-08,128.23286824631433,30.431449578843264,33.812599947466154,83.05888022073462,84.68767122463503,71.01769286787928,105.0987529099542,130.28986600266362
2024-04-09,132.48509827865865,29.715100076697528,34.29958347936032,85.44685382013945,80.65223761750143,70.68752571857381,105.8054497939372,129.09089560720378
2024-04-10,129.84761267081137,29.47060995710067,34.701955392199714,84.45263049624458,81.81097781412075,69.3027886108576,105.73903928097256,129.35361863553806
2024-04-11,130.28340148118912,29.38392223190277,34.959322991113154,85.35759235265087,82.23798407904813,70.97179363886684,107.04478983459103,129.0690753314957
2024-04-12,133.30813118542818,29.750550708523924,34.985567130292644,87.28190090056789,82.73514698972865,71.2246496773821,104.29576782962562,128.13871197879044
2024-04-15,131.0440438370178,29.453275729340465,35.21336501125262,83.87678673005469,80.59959820559347,70.41087094551692,101.48305993581364,130.149199525925
2024-04-16,129.59804248432232,27.784543745578176,34.6967892103234,80.8794374633181,81.37500416987848,70.81805115665429,102.21877970322211,128.05006413463823
2024-04-17,130.7772155483223,27.551249621812627,34.83920688075554,79.51160679132279,79.94214059344196,71.91322830157046,103.1412689371841,125.43397849466774
2024-04-18,135.294381340286,27.009853300374534,35.2434837714988,77.42141403841232,78.74485963795546,72.92083960937308,103.76512736398843,127.0357552841535
2024-04-19,135.36273840270377,26.877270696763013,35.009915049615906,76.65733346026435,80.55571662633606,72.03670555596224,105.40487319699484,126.82054424406942
2024-04-22,133.96468543321492,26.264166324711773,35.34499723989227,79.43184297835452,79.23873370323521,71.72957378249237,104.22832821838354,127.16129321768497
2024-04-23,135.2454711619656,24.725986871855557,34.88606590263212,76.5339975901878,78.42845007388351,70.41754292050338,102.71218655672952,122.71566667046498
2024-04-24,134.48756452228676,26.382479344584734,35.16674441096562,75.9105414583159,79.84144360297542,69.17232253058495,102.63242072052546,125.51763599909106
2024-04-25,134.15474177972317,26.45936420254096,34.61797051706911,74.56913815078347,76.35275205217066,68.4596382412028,102.47311542976236,125.82072569860088
2024-04-26,139.70754984586551,27.372162339469728,34.992005286009864,75.24114202590798,77.73161588871189,70.3330592385582,105.08033045380435,128.26804077915625
2024-04-29,138.13208092146414,27.409920790017935,35.67234249694326,75.46225643278804,81.4415365306224,71.95646232372114,102.6749231388675,128.5698910711349
2024-04-30,135.60402007979707,27.654799847374512,35.38525391746655,74.37916142067087,78.94086179738562,73.86365273809328,100.68257772274869,127.11126167338124
2024-05-01,138.153672813179,27.366904765688297,35.31262139015196,72.47641120616973,78.30051412341071,74.72933342116632,100.85454136587663,124.14398448522923
2024-05-02,136.3866506230677,27.158688400331616,35.188118121386026,71.95387292992442,77.5134804617951,74.70631401074299,102.84146411274119,123.69058697905864
2024-05-03,137.46764652370155,28.084181468857953,35.349001928662034,71.80383578541571,79.25209454411952,74.5325969335927,104.33987278580344,123.17097015645459
2024-05-06,138.51146690265054,28.472467365149104,35.505009564135904,71.75812400957162,77.636408087508,73.4332782654481,108.24408345677965,125.73251753835235
2024-05-07,137.6169110952322,27.806839199993526,35.7499734405755,70.62219645432235,79.19698757260304,72.8770302010149,108.45717182788196,125.62363136273004
2024-05-08,136.74453885438317,29.041067215886997,36.17526773529909,72.68051729653656,80.23590956160106,72.8636843135959,111.25974717030678,129.61864269687376
2024-05-09,132.79709992186545,30.348291212409215,35.150443263273964,71.74449176283495,80.45920660440031,73.30885157478602,108.53876404528096,133.40928696818486
2024-05-10,132.16293750084324,29.98423731122513,34.42990279966558,69.28681270813169,80.23642440492912,72.92837521445605,109.10400117978232,131.15070040956945
2024-05-13,130.48081184754943,30.637455913932463,35.11851392379553,70.17047182998927,79.0024371237687,72.50239300515383,109.0609659095453,131.18986923878973
2024-05-14,129.36333053493775,30.726226856521656,34.44308672614424,70.91597846007035,77.25143085368151,73.0751147805828,105.83474222814544,127.21772857536098
2024-05-15,128.74509432792271,30.32502289278177,34.49829759736284,70.9030633649621,76.86025594124935,76.08053065735804,104.39507244534022,130.6322988040839
2024-05-16,128.8419438522598,31.37651545077765,34.763327112222434,71.45095383166733,80.67652963025475,75.51251743247862,102.32205730091101,131.93787905061637
2024-05-17,131.65340340842445,31.0969712984886,36.02785030219541,69.99647542516234,84.03888164866483,76.9215195287227,103.29973484479139,136.99944025521327
2024-05-20,129.82669375574048,31.731960401009143,35.544768527845164,70.22071953355193,82.4613869901118,76.79423333086977,103.29852490656263,135.91087826215082
2024-05-21,129.56723444290913,31.602579742857,36.112501578119186,71.35490873925343,84.08947210257394,75.76490966290406,103.15904798258501,135.8341643584476
2024-05-22,125.4209064008664,30.84345760958388,36.149273067104836,71.21686299859414,82.99933549939912,74.84578929419372,104.06345337394546,132.75795541345795
2024-05-23,124.6825023683875,31.56725913161618,36.23822306349119,70.65320559323557,83.05637111173856,76.92107221021037,103.45058668038942,135.78807143302294
2024-05-24,124.65036554215799,32.05952164025769,35.009715549405044,69.46679393692345,87.2446770387596,76.96273987904097,100.08732307145836,133.52670661383087
2024-05-27,125.73283695269511,31.636716586676094,34.860583511499655,71.36017696277759,88.31783235639722,77.81123603426447,101.74932283122327,136.72609246008847
2024-05-28,128.894111245479,32.272179834021074,34.869206406404025,74.10967757557836,92.0757896722993,75.51379117823394,101.7733433660006,137.80335960771532
2024-05-29,135.87052255049878,33.1091136092813,34.89160988216865,78.02465818130669,92.9524893741631,76.19396808219089,103.11125254181098,140.10185402717906
2024-05-30,137.56596471633281,34.269932659428804,34.52821974924506,77.24890549200467,92.52776327953364,76.6952824158622,100.93196389950288,140.61616393093163
2024-05-31,139.47346679577714,32.659302902048736,34.40491083789641,76.84575158731847,97.66381522117848,78.73736275430517,100.82504449639393,140.26322965893846
2024-06-03,141.99257916952925,33.21958735839106,35.438018439052186,77.75325715220507,99.43237935302722,79.3361864125882,104.96454096689612,140.75992095325802
2024-06-04,138.73823942053517,32.67625441989395,35.01316880240185,74.0996950394839,95.36811371341385,78.57260231538162,103.47455323238788,137.33542358632698
2024-06-05,136.79406990150875,33.39538753669629,34.260625701334924,76.65792037764069,98.38814646180231,78.69671758599306,102.48757725855056,138.1048616749799
2024-06-06,136.96265599078862,34.58326172592673,33.61957109645543,78.49994255994145,102.26464667283844,80.759680935927,103.03369933708139,139.2258753346614
2024-06-07,137.68448507310936,34.52913366659036,32.863664742169,81.10818953594622,98.19551086258461,80.66823583635185,104.19498500675256,144.70506840572776
2024-06-10,138.43704903588005,34.62444832442582,33.329813547262276,77.49477290948946,93.3856422974583,81.20795940559678,101.11708484697188,145.17798786016598
2024-06-11,139.3800086484014,36.092786967828175,33.42620933413161,76.11239193320343,91.51313566568385,81.1785797067439,103.29352400956337,147.0800456896146
2024-06-12,142.853958013502,36.26708394837833,33.49953400207221,76.70441693866088,89.96997942416493,81.26662926080303,105.29860440483361,154.34692998950348
2024-06-13,144.36754558625606,36.372885357084456,33.783325087351564,75.60790304972832,89.35042115226753,82.29992511271698,105.85926016239307,158.01301640830573
2024-06-14,146.34617523757305,37.96545431893528,34.363590894518886,76.77655351571227,90.66486006697032,82.88369857763837,105.87009588639684,159.81321444630788
2024-06-17,144.93324038349624,36.53526179237991,34.01532162708952,75.65802115318753,88.93829157458029,82.77935932056297,105.42024600043338,156.9861282343589
2024-06-18,144.3653437372364,36.56807281389995,34.254204353894465,74.5302045570961,84.66932964843004,81.38838010313123,105.07800571220548,158.88604135910862
2024-06-19,146.88955956168215,36.28072316266973,33.713307667962496,75.17004845164857,86.23525418247235,82.06372634643778,108.64023647628636,156.96725739990308
2024-06-20,149.53445376739185,36.7802097885107,33.68704867636776,75.59703929673502,86.87357051614923,82.42514273677807,109.81512314454721,152.01413598543218
2024-06-21,153.56096586962016,38.28453275035108,35.363307096675626,76.69763131802277,87.32573099197603,84.81792419921686,110.42913249666944,154.00511155935087
2024-06-24,155.25643385419605,38.42677265033626,35.63020598242632,75.9462366203083,89.62370314405652,84.06039863267853,109.51226229671477,157.62949678649116
2024-06-25,157.69280248764218,39.06781001465673,35.69848294704011,75.22416947179059,87.16990758892187,83.26966124268857,112.91038702509567,155.38118596841272
2024-06-26,152.37339483225884,39.46505840349513,35.33953440761391,71.24108743168375,85.32709294174592,83.74165370625059,112.75116035918568,153.5479910062936
2024-06-27,149.7660144117101,39.91048083305428,35.788052086054506,70.56746660943027,84.9481931017659,85.33920062973614,113.4679149150613,154.66848097955358
2024-06-28,145.2893527205772,39.48533713804436,35.546014498265336,69.42557359771874,81.60495524148165,82.88038747406961,111.0424296870838,153.01315694953095
2024-07-01,144.67020175335125,39.95303837817178,35.08964735923158,68.88248374993796,80.87225015158553,82.96487735306442,110.15706164990989,152.2858831522268
2024-07-02,147.39610509717795,40.72492669260139,35.94869705033777,69.26618780053147,81.01883022377521,82.45171054340908,111.06700035841065,153.94732464177397
2024-07-03,143.44116057687015,41.21468800635674,33.98311521664378,69.19426101213602,78.42065158210337,81.30534248709651,107.74055077393196,154.18454803586357
2024-07-04,147.6350669564817,42.196252186636706,33.86618915319721,69.41655099093308,78.36359496507741,80.58329640935413,108.46776222693488,152.45125311048596
2024-07-05,152.93310888852125,41.460345149327864,33.952449093517586,69.3448086590194,78.2103168776851,79.37204480966618,105.99538224303964,148.26875424347588
2024-07-08,151.5383007647094,42.216100170005404,34.04985339935845,69.71675535891454,77.65981298891401,78.64660859827123,104.90399094540284,149.81882985640618
2024-07-09,153.79250670022424,43.65553178776554,34.077210603625815,69.27459002521765,80.62767032816474,77.3871843929405,106.9126036479268,149.068675533028
2024-07-10,149.63004503188284,43.564970341134995,34.63703778937775,67.91077169707548,78.91456398894023,77.55049172378708,105.64370504592016,147.57088345349194
2024-07-11,148.60674900853658,41.94545590478828,35.4438680155501,66.55767241117019,79.91296811116021,76.39842864316438,103.96878585402771,146.59883020128825
2024-07-12,144.19871411627759,41.855939003358806,35.29267637083922,65.888558087872,81.75782109462469,75.9857667795103,105.31597196372728,146.9370821127644
2024-07-15,143.89252965280258,42.61566941648883,35.32386536549652,68.1798780097633,81.51627232991177,76.5373347031851,106.1382529965843,145.53710190499234
2024-07-16,142.68757351230627,41.82265527536785,35.112370112152156,66.47515479798618,80.70321519105254,76.56091944114992,106.67159359208748,141.27213045925808
2024-07-17,146.8907526396418,45.0167254885665,35.75211224232606,67.75321869775189,80.81152766461595,75.23955883839353,105.73812933793633,141.53167626904235
2024-07-18,146.5764403043111,44.02380484624723,36.21246926105743,67.67256008211473,81.54026723808013,76.52399973864706,104.76800891992868,138.32270232311868
2024-07-19,149.68949163259185,44.90794723120813,35.930851126689305,70.4568868156806,82.48945100851417,75.93984882922237,106.7299429997595,138.44327920589112
2024-07-22,148.7096577733949,44.362049253508,35.54265615151716,68.47699839835826,82.21702082105166,73.82336861658413,104.56657761558876,136.68556074864534
2024-07-23,145.8927837654466,44.56028099972731,35.114633202733934,66.63022215399414,80.20718527178538,73.70374366289795,103.27745788236102,139.03539290700667
2024-07-24,147.0873181325535,44.521449147939684,35.731000147684426,69.25409085755769,78.99640615199547,75.81246459024815,104.44042350783725,138.65253466133356
2024-07-25,146.49432980972537,42.96062847085416,36.05239060663934,72.5169375413517,80.09023241204254,75.948445124018,106.7103792404092,138.3720444915375
2024-07-26,149.1865934620454,41.375662976578326,37.27811669597922,73.7039783014469,81.21688745262132,75.8281800268301,106.75423016961759,135.9145002753067
2024-07-29,143.59284542630493,40.486014009142814,36.29661800038765,73.3364931898792,78.3420262432048,75.42771068942183,102.31727676321891,134.76229497184454
2024-07-30,143.18873539654402,40.51851151901707,36.26858119383269,73.25221589836889,80.55609272778315,76.08747506712159,101.5072303765565,136.41433794653713
2024-07-31,143.63199120007226,40.07382244111762,34.85178888521919,73.23889822558374,80.33402069254775,76.59590477066196,101.20392456083111,136.49282490502347
2024-08-01,136.11041821518273,38.72782435144509,34.119140563131396,69.73846841959451,75.25249909406399,75.41504804777873,97.81353852520371,132.76867353421764
2024-08-02,134.47709606887608,39.728103918012906,34.12855524119006,69.35980760257917,75.14381489364392,76.38281269845784,99.30022567010202,131.50466343428394
2024-08-05,137.15721582085754,41.094324198684454,34.19904450647014,71.25292570901969,78.11775010551088,77.23173337310786,100.9620953584361,131.79997757326598
2024-08-06,135.36064283846176,41.379948920270905,34.85390356237981,71.66693456116707,79.30541935096288,77.58007081562239,102.30263548287051,135.28573771271482
2024-08-07,137.60080349671068,40.3685488034793,34.53003779635736,72.64492051151203,78.76480242848676,78.9388706223731,104.9971223623433,137.76869452333918
2024-08-08,140.09724399116027,41.48236505419466,35.31212478444399,74.09248559577154,81.21445961821951,80.29443185823929,106.54728633153255,137.84761183693703
2024-08-09,142.079152211573,39.72053532279143,35.97404589340433,71.53923888207437,80.26428099176192,80.40385052441427,105.59834946207116,139.79879802099518
2024-08-12,143.70049848124054,39.207502994790794,36.641475315882296,69.10090872252078,83.12626254955528,80.35865040083159,106.36916560775012,138.40171512976622
2024-08-13,143.32549068733383,38.35244936484797,37.32077955730801,68.37631727837197,81.93178459184537,80.05006188139451,107.39590457090935,141.26514264663155
2024-08-14,142.79499742900677,37.284265494818655,36.5856764566319,68.14751166063897,81.67376803004129,79.20757713261588,109.52104530913046,139.9420376414316
2024-08-15,141.7509554915404,37.22030189529683,37.51148117383156,68.40305212013735,81.01754434418068,77.73857436993843,109.38001568543866,143.2540553791491
2024-08-16,141.0651614645913,38.054172788563626,38.38824148617217,68.21836721413709,83.76594501680506,77.5017027518133,107.74794000499473,145.81827077440053
2024-08-19,135.61008316062305,37.67558173428883,38.6059656847635,69.21694438681165,82.38039294066358,79.0658466404695,108.29779270264696,144.72765368233271
2024-08-20,137.96311873688575,35.57377032430991,39.12568751582883,69.76793721154847,81.85363174719835,79.00804506321573,106.97649269439555,145.40236380393725
2024-08-21,135.97652488186952,36.08545307172341,38.79098061055843,70.83233656676842,80.78362152302076,77.96621721579979,108.33429905252837,143.88154897929573
2024-08-22,134.28062702229215,35.08489307242871,37.31304286983987,67.97136584286203,76.51643863784777,77.17512875852233,102.25494827721745,137.50555375560253
2024-08-23,132.73192977692727,34.677881190647,37.297225271960045,69.68190560520961,77.42003654054409,79.13637983722373,101.51340421035084,138.257240594656
2024-08-26,131.83111426288,33.60842249158879,36.69611671599432,67.3071239301072,74.53628022441647,78.8800716895657,98.95783457304806,133.70711865935357
2024-08-27,134.28862672950186,33.34145581726695,35.897078664189586,69.71335357916067,76.3081724032316,78.1413792252882,100.5924427960503,131.12656370611103
2024-08-28,132.6697361088328,33.191430328181696,36.64930326878607,69.19757758890167,77.65125475611615,76.47591765262209,99.17001197296364,129.05483483192785
2024-08-29,138.41307365082247,33.61132220395528,36.65001201590691,68.72941543129862,73.44000281120249,75.99482919770016,97.1712914061247,129.9323352537338
2024-08-30,132.18823431300729,32.485720396258735,36.28788293601792,69.08324998727939,71.75678078442985,75.5892418163881,97.92363654038768,130.3942586525369
2024-09-02,132.86352677387808,33.787406796954926,35.54774780922405,70.22264553861652,71.53084825782042,75.90572347006963,98.40661249617567,129.7520991872357
2024-09-03,133.41505476943658,32.79626846112183,35.287059594055904,70.5539326490905,71.7730016089893,76.11383728625992,100.45520941592275,130.5338306908937
2024-09-04,131.4160849191048,32.5265788677924,34.28816550868362,70.8428461477796,69.5302433707979,74.33594061714255,100.19056105926815,130.49429358699692
2024-09-05,131.23991674096698,32.722520038434276,34.57588714429892,72.48498767323295,67.62089393164047,73.07466481426363,101.30539882461393,128.29920498175127
2024-09-06,133.49334294864713,33.325541070741735,34.821827774298534,73.80775883343748,66.97882474836457,74.12527284427067,101.88703567962202,128.80652335709829
2024-09-09,136.52421694497912,33.171314528776385,34.775516556014814,74.46299261714233,67.52845352258976,73.56590879558031,103.70492254388246,134.3610410565968
2024-09-10,141.88612716596174,34.86056529253845,35.0630041648716,74.968867960271,69.21225919271795,73.23675628101769,106.00315044025903,135.4340505173149
2024-09-11,142.31722058111467,34.58240838771316,34.742291785526845,72.42596230449284,67.96737747694542,73.19473180751757,105.00964806771711,135.05838824266348
2024-09-12,140.75146211990932,35.84815282664874,34.77783003031397,71.25022832503312,68.96946656808554,72.07577796676455,104.27962422495618,136.92725962385407
2024-09-13,139.35839336196813,35.47804629094883,34.25414806020053,67.72872255021092,69.37285354379043,70.85521325093336,104.32382492155573,136.3675879314608
2024-09-16,141.21223502478733,34.508622087583056,33.08343872287761,68.24390693995203,68.90436427438009,69.25590138463022,104.08506052317514,134.99746464493592
2024-09-17,140.45851808988368,35.06764660644995,33.072025401247366,68.22776571865597,67.44901032376872,67.24956544761532,103.14784396525387,133.73793365807057
2024-09-18,144.24372682626182,34.966116210074325,32.28104538180857,67.20384223569775,66.42366471256742,67.05951153195352,102.69337909949334,135.8162424316103
2024-09-19,141.93343857796174,34.53371167190618,32.435780813448126,69.38533582531129,64.04552866254599,68.15092313057829,102.34634050779107,135.7636125847841
2024-09-20,134.48986213520288,34.09058227083201,32.03157215305363,68.94996530105888,62.28619577394697,67.91348429336283,97.45523863083608,131.38244540412694
2024-09-23,131.54190763577947,33.6351377325057,31.436874600129634,71.78205806269642,59.532952800413064,68.21873498357498,93.50199803808097,129.88676953922578
2024-09-24,130.9632032616665,33.35528785103019,31.87770760604661,69.93198510493602,58.357956679513656,68.58511250470796,90.98183265864068,130.4369765443199
2024-09-25,129.88515463970958,32.758448956617904,31.8680808552623,67.57206691664489,57.652162653745705,68.84238590382289,88.94515991591739,128.02389540826314
2024-09-26,133.49785234606807,32.91750876184078,31.504694578328266,69.02609837026188,55.5632600879787,70.07667922783298,89.58816493772599,127.62734876800363
2024-09-27,136.86703916266165,32.877242370808226,31.439900963825135,69.44848230028893,56.17458698358663,69.39600556859594,90.80472557211469,131.57561088662123
2024-09-30,139.38873295190098,33.63967328421664,32.45952582821132,72.4521212531339,55.941201221483105,70.37310673746921,94.78929119539202,133.0465494352443
2024-10-01,138.60676649340513,33.81153137463234,31.531322352368296,69.79565123284009,54.29138534485194,69.91763198141551,93.96222905175031,130.3809834166909
2024-10-02,139.42722308798795,33.76718361800786,31.537784496573863,72.6146091081574,53.01880573366799,70.28101833236477,93.51072950736898,131.32056744071573
2024-10-03,138.5442746233179,33.254129629171196,31.757306712616842,70.82582703001813,54.29572538016593,71.15330777033421,94.72340469160991,134.93903135982956
2024-10-04,132.93869866767355,32.484210598292066,31.214653428010482,70.4721653705269,56.41764938137205,70.43696111988541,92.55225786392565,134.39637915048976
2024-10-07,133.56142427948737,32.83583413789369,31.717222118803825,71.41342259242543,56.38335700737424,71.19332530130974,91.85596170711854,138.10946244441683
2024-10-08,126.75422888652784,31.92109520306372,31.542637645602145,68.58407746792867,52.168113844977086,69.60480521304623,92.39388206974282,136.0309004423448
2024-10-09,129.28593504105748,31.42169931728747,32.46749602052055,69.72641445283153,52.989463863796,69.46805024203232,92.9185754919913,137.54122030915897
2024-10-10,127.16073986033932,31.16764170455396,32.218702915504615,69.26252604273395,52.85830364405135,69.76364393718552,92.80537493265167,135.86651273654223
2024-10-11,129.73658004561682,30.702334159204177,32.021934425562605,69.92763265424418,52.97633834251787,70.16824859904177,93.39169917911806,135.8936734946347
2024-10-14,128.94565977436508,31.488539233840413,31.316594029109776,70.08672346717584,52.34173021288087,70.53726542766782,92.89786559331527,136.72579595785314
2024-10-15,131.40588431253116,31.32195608811879,30.963063974371845,71.14314985833911,52.35786771854473,69.70518468449582,92.18906465399071,130.9576503226024
2024-10-16,130.72219456137717,31.27007766585541,31.96765837390068,73.42138866279129,51.43619170306065,70.64013796440734,91.16193018446083,134.25413404570492
2024-10-17,124.6826520595188,29.352941690731257,30.59629948054823,71.63220665550794,49.816115585974316,68.30934777609417,88.07699229678194,131.92956025387272
2024-10-18,125.19245871951506,29.303735010796686,31.288465520698654,72.50993401064223,49.27431385046194,67.17274708746544,89.74904719180637,131.8767056610303
2024-10-21,125.34224263398409,29.90148737559099,30.743592336428534,73.74624944926947,49.12078997425149,67.74202046360065,90.65871010022067,133.1018034806877
2024-10-22,126.77683789477335,29.096634059009848,30.28565364491199,73.20315554632397,47.53919033536117,66.75339457113974,91.66604543584776,132.83199010362515
2024-10-23,130.85038428508688,29.073107599805347,31.62708310266511,73.95598002454004,47.53251767275796,68.71954191893622,92.11740616637674,133.45047278631807
2024-10-24,130.14195830441994,28.01894848280703,31.028616680321946,71.06421850685729,47.09029938892808,68.90112919567703,89.40777645384878,127.46722581294938
2024-10-25,127.94171728147644,27.489454346291744,31.61137994045705,73.21130595049223,46.99944373024609,69.37896448305143,91.3805178761549,129.1512658863509
2024-10-28,128.3778478416596,27.494677963499914,32.73892870337271,73.24140008406572,47.998485567175905,69.68842978638878,91.09963364194368,125.39497485564416
2024-10-29,128.1952535377416,27.611389294210635,32.840539942255866,73.30563266624696,47.60766620388828,69.38611308641738,93.10273496054201,126.19653620582027
2024-10-30,131.03056080989134,28.370292965520672,32.38195302591917,72.20517701159582,47.228810838384994,69.18133816429632,92.81641758639034,126.72435811035876
2024-10-31,131.16298725330705,28.89298256574782,32.974749059182216,71.64675304324713,47.55676201600422,71.21268433944456,91.68912548386322,125.57700893604994
2024-11-01,132.1026642162154,29.63914509576642,33.083909573898445,70.1248172589234,48.15901024603785,71.09182044823376,91.42195886659874,124.88299242052327
2024-11-04,130.3140941972729,30.754529164330116,34.091050634131484,71.98478461065172,49.6907894449233,74.25707398879177,91.91133385431696,122.38597624161345
2024-11-05,128.3944135091301,30.318266862634154,34.34417378967052,69.39980079204003,49.29173918425845,72.35052814714773,92.40977563547196,123.74667442111088
2024-11-06,128.1000762370129,30.74035123075478,34.64870690542271,71.24816353398307,50.497253173748575,74.32288774260134,91.41909035204496,127.46643978292431
2024-11-07,128.94948415620317,32.10673631673403,34.73143370402895,72.80461052337458,53.48991416591225,73.98131341929356,92.33397941533009,128.58552476529172
2024-11-08,127.52065175524118,31.63274002650111,35.01818015003295,73.6572613321722,55.54799377872385,74.29117281677297,90.96119975852244,130.9680244981447
2024-11-11,125.9834243455299,32.560705864508215,35.33981005054679,75.81754615521874,54.9565622359512,73.99896605387643,90.16830298738704,132.38506473462837
2024-11-12,124.63561636805315,31.51457169758885,36.37519984020451,75.81781244189153,55.75690558911359,73.22155340950144,92.66928339734251,136.36465232060033
2024-11-13,127.84152275371936,32.304529101313086,36.80076052792552,80.30887282971875,55.81664830426029,73.49094232938806,91.69528280406404,138.48784256419265
2024-11-14,129.26587066905543,32.23180607961548,38.00359875310879,85.87719139265718,55.06400550826588,77.31776180090121,95.18887691291526,141.0975348015966
2024-11-15,129.00966759846628,31.07068743463446,38.40438826593524,87.39012331387275,57.3138179563745,78.01590859114907,95.91395040835387,141.1956536943483
2024-11-18,127.79032558389503,30.546405103116438,37.63315620493272,88.23802551747762,57.83514607633486,76.30735023001004,96.41460409758912,140.8703779972901
2024-11-19,129.38197016717305,30.846863506450656,37.322156386070304,91.26796353116542,60.73182660573909,77.07026268939089,97.33278500426046,142.5602415657167
2024-11-20,125.72997000250882,30.73677227024649,36.91762782677195,90.67563243903311,59.33742446641304,76.73394256619535,94.6953043314728,139.1084731572434
2024-11-21,126.86415145021833,30.28050567011167,36.900802990451886,86.29513256090145,57.18356122608171,78.65292430216113,92.95627944131878,139.25377981178846
2024-11-22,129.51741251772484,29.83568453524346,37.11540372220747,85.06473298204413,57.20685513317926,78.13728359051753,92.97475153499033,143.97919059453898
2024-11-25,128.3219328287954,29.559053315245357,37.47918386343198,83.87944609133893,54.37615185321035,76.50895109325519,91.54542737590477,142.7673846318076
2024-11-26,129.66061680370478,29.111420992966977,36.90018956963734,85.64326742055569,56.56892758399417,76.75961709653801,90.4109826403787,144.87874024535765
2024-11-27,128.8414706189332,29.506226356876958,36.92407345609222,84.646486385038,56.58413713934458,75.14337323395242,89.90538813802297,143.3261313005384
2024-11-28,130.57946135558655,29.420400366568913,37.36658154719026,86.69243699395297,58.540784284798676,74.53615322037012,90.97556720104264,141.0232848741147
2024-11-29,133.84114060815708,29.675074995812608,37.81612970839474,85.63954614777508,59.36684575684413,73.55173052925066,90.89919934641743,140.72517633247483
2024-12-02,132.2439133272687,30.389748719595364,37.364892336051604,87.17201494154659,58.79610537025654,73.40053976045706,89.40992942605257,135.87811548786505
2024-12-03,135.1583980070087,31.27933552509098,36.767860963217366,89.64746150452328,58.62819642401991,73.60406349045715,89.71358503609453,137.85683543716732
2024-12-04,133.94666404922185,30.616848238909984,36.452245251324385,89.02661709077493,56.31124731447421,71.21141413525781,87.23507484116766,136.5967505806107
2024-12-05,134.29645637128624,30.796043119085944,36.84577450798995,90.4759742731433,58.61437082218681,70.99527288276224,86.35949402035192,138.0832724561885
2024-12-06,136.59919136676626,30.40585255833124,36.48933208912441,91.4538308687601,57.80829710495706,70.26421723520325,84.75013782331558,133.9211478860925
2024-12-09,137.40849354124728,29.96768848483255,36.985866548608826,90.39882301149844,57.48722268245214,70.03260297631647,85.29963276139593,136.62007751861978
2024-12-10,138.31020637821868,30.45302492415612,37.16750796423872,89.67533665640293,57.35398642745083,70.61016316310499,86.19685829816187,135.69405234641107
2024-12-11,138.47503652926508,30.475799591699918,36.5855508796409,88.65727194052364,55.710394430822426,69.49278294092873,84.73910508466912,135.85596151325265
2024-12-12,137.28328267713988,29.984896356801062,37.62929782676081,89.5968318036737,55.262854633535255,69.45183583910023,85.06293157756679,133.51925259415862
2024-12-13,134.9646973029442,29.391944371065897,38.563722584916206,92.14897513736406,54.0840239017397,69.44309720372404,85.75288233197742,138.3123503435253
2024-12-16,135.99493150736504,29.04786524608188,38.42269804312271,91.39669475517724,52.25935294767878,67.34590441114855,84.41052733889443,136.1655222567806
2024-12-17,135.71878511266766,30.39950458872872,39.38085388791935,90.29730580344103,51.45030218015244,66.43436018188311,86.4578427412827,137.2788451060559
2024-12-18,136.32250820600404,30.427574023362535,39.15292091338772,89.82161087575625,50.10560636556559,67.65399764044524,84.75393866814468,136.1347297625536
2024-12-19,136.60926412978165,29.89729037734783,38.62324063368065,94.83193334090961,50.672060918850256,68.0099991960089,84.77409377361666,132.74072518233487
2024-12-20,141.01296801654584,29.858314237431678,38.56041925464705,97.47783339889995,50.99710309827514,67.58007197029166,84.36966400540544,133.85580064672578
2024-12-23,142.42463595755777,29.891461588601207,38.47874659166666,100.9608296572454,51.31131076107722,67.66731712304689,85.84978665099413,132.92260984670273
2024-12-24,145.0347599347955,30.220640844797263,38.98380266542933,98.59989841278464,52.05425331701437,67.27462512856677,85.21335077361783,133.82992441976657
2024-12-25,143.4778600316429,29.309311116590067,36.756619546684064,98.26796762373526,51.032284181314544,65.93940851247521,83.49718468407387,135.38308180679306
2024-12-26,136.73959636661675,28.866661355921412,36.66733729028953,94.59286675923653,51.69487497738412,66.18758786746486,81.5316658448081,129.66210540361533
2024-12-27,137.68510294952878,28.194232335653698,35.701663712902906,93.63193227043591,52.17691440471102,66.39378894936425,81.95277048885865,129.91443845199944
2024-12-30,142.1577602006351,28.607291109272666,36.59033930697769,93.03237474430333,54.332044723690416,66.29111107165224,82.28757609649787,134.13612429229363
2024-12-31,141.7992712769405,29.36030300986755,37.17784738339065,92.9207747881228,53.88706137551086,65.84340339009194,81.4632707971597,133.5146849696974
2025-01-01,144.03548146786054,28.13743788980638,37.07201575445135,94.82741468798041,53.570428212383284,67.41686702590015,79.08405210397324,131.7283970866673
2025-01-02,144.38436442586976,28.30216008484848,36.05247702208587,94.68073287016821,53.08172365939972,68.20662427317568,79.70237730406876,135.13981280429027
2025-01-03,145.1578058980596,28.31729305319704,37.141201479874,90.75956552098376,52.95803376915952,68.24147163006604,77.79991981545996,133.63026689721212
2025-01-06,144.77782094801836,29.192548568171134,36.913061000976704,90.38424621642626,56.08759904024891,68.9789291759319,77.39725453960023,130.21564105517595
2025-01-07,143.11077168073925,28.73343269862785,36.39122215910026,88.45161315695499,55.35835943556804,69.49083091997078,76.0862239823747,127.28770967293896
2025-01-08,144.5265806009001,28.992477566966404,35.074059859748324,85.26022022685797,53.26021792436001,68.18157718875703,78.65779383155362,123.76266195999402
2025-01-09,141.66060173429162,29.97234558725622,34.44461716137019,87.17591999866298,53.89612986853331,68.9806851678035,79.59449240631025,124.54111501226748
2025-01-10,143.14355481279708,31.377328308364277,34.61721540501677,89.12495870977513,53.41127149262888,70.02045891474462,79.97829207070798,125.52955758404079
2025-01-13,144.2979256011643,30.558335684847826,34.600137557579075,88.95580447189643,54.26435236067985,70.5200638151295,80.17602066806748,125.43240665094439
2025-01-14,146.31658108384582,30.798211349649577,35.7797184799688,91.55450605413338,53.458124983550796,71.90369331804185,80.2145671342859,124.376593128634
2025-01-15,151.47361534631352,32.52675809652986,36.05117001813234,93.74092665785089,53.746862128895735,73.65907852982579,80.73232258487171,128.09513046508667
2025-01-16,154.21040817615196,32.58293348420867,36.46984244367462,95.6646944472074,55.29963879648691,72.73476039925582,79.83167161658864,127.27032097398508
2025-01-17,156.14814377178956,32.81831724235788,36.626442860313894,96.69429749889531,53.08872059462097,71.73809203351323,79.55918566996037,126.3134648076278
2025-01-20,154.7120249473453,32.110199955305376,35.65986041186053,90.5827903671295,53.859554798437195,70.20425259388277,77.66741518111155,127.30714639988321
2025-01-21,156.9054819347968,31.62223979981927,35.482519552015134,90.95097198371026,53.3532499296869,70.90108876311308,78.00759552474017,131.3916406803867
2025-01-22,158.12215639720742,32.51548078746409,35.41173124381915,88.79113512729856,53.84827148647057,70.46351064398986,77.5155403702295,134.30156581236335
2025-01-23,153.83164206824395,33.125546183524136,36.027071520695266,89.42052250721699,54.22096917300191,70.40453221908676,77.85853951278821,129.3936277850329
2025-01-24,154.5021567477425,33.09406303001172,36.212439387469345,89.5913900827363,53.92656878209522,73.01069066591579,76.3327022002655,127.78448902475566
2025-01-27,153.2365486179781,32.65300417070742,36.492453277465316,92.38317341747586,54.862818769825644,74.02458811768427,77.9631100789567,129.01017625181692
2025-01-28,157.65068317028292,32.86852105550554,35.79610257531843,87.1940419488231,55.37565452003644,73.00191066385989,78.19402531263984,128.1304489079954
2025-01-29,155.01144037443643,32.64250592470026,35.599574849839534,86.26118602774616,55.583207411373074,72.56895468342549,78.22308743719887,132.43484653447777
2025-01-30,161.30865385899358,32.02281807463695,36.002332792807444,87.49895840928241,55.58509957590587,72.11246484054035,79.08451124682288,135.42803107884635
2025-01-31,163.25127423175812,31.08817829807289,36.06241220929704,86.57098019692407,57.00996931741309,73.80389394404766,78.19901082918383,133.8130185888087
2025-02-03,160.329760601027,30.583731659187094,35.822540358206105,86.39790868645404,56.19805204828509,73.69363553992606,78.74385112140497,138.21721311562868
2025-02-04,160.59715399401196,29.903902322211177,35.27404748132174,88.90901758243558,55.95332845387785,71.87910224975738,80.08588861373806,142.78408075412585
2025-02-05,169.61827933420716,30.162739015210942,35.57583100546132,91.18464103847073,57.59747326058461,72.17972547358575,81.80673635062739,143.45199372029015
2025-02-06,164.60866643825045,29.74893718939278,34.615184279795145,90.20818443535134,57.410130886891864,72.82798850059969,80.84318022467423,145.9177866872453
2025-02-07,166.18745980602415,29.683240915221557,35.369380245576096,92.41134937900634,59.962021126336936,72.09690008059607,80.7844805235631,147.01640485239045
2025-02-10,163.7880852792319,29.733948330072025,34.65776606858976,93.7149497968326,61.20692104420075,71.8881380412816,79.40014755430549,147.1780636665099
2025-02-11,165.42332849940902,30.218596231475342,35.03234811704092,90.29128490827758,62.718334439298104,71.17436326698892,79.59582746016197,145.5510260971265
2025-02-12,163.72700136464425,30.298124209301537,34.27462958294985,89.36835503731214,61.46189299498968,69.40753589921735,76.71784954037678,142.08863027230996
2025-02-13,167.7626091852372,30.613956658990965,35.67672308655602,90.78586777327293,61.39392648834007,68.92349288943946,78.59841992475526,144.07199510373283
2025-02-14,165.93244109463174,31.618919481201576,35.474157840514245,88.87870790505274,60.22814139221308,67.60625601410881,76.79422589684589,145.14385535890423
2025-02-17,166.46749808815588,30.865942211338716,35.863856526063195,85.56020594739016,61.83456387411031,67.68303913706232,77.44328626815481,143.83567018550733
2025-02-18,161.4645597385408,29.69106167245725,35.13095989970999,84.0453129538676,60.28334724305787,69.2112071491648,76.70858661995425,143.88010206678695
2025-02-19,162.62243565976138,29.737551049111318,35.093460108281064,85.40730324825861,61.51147829827803,69.05587046066489,78.24617465432242,143.58557361907936
2025-02-20,165.5692300073221,29.368336371577577,34.87438061137121,84.64690524073092,59.92144367772757,67.90794203838594,77.97463261709898,137.7591791126417
2025-02-21,161.32201160831806,28.468276103372187,34.223353651568395,83.94813714553744,57.41082029285123,67.36115639243909,77.39452506611929,133.50964619587208
2025-02-24,160.22978333334706,28.592943636554438,34.13971328985777,83.21993238961879,57.155799241443304,66.60103848201496,79.34711775837677,131.9759593684525
2025-02-25,159.94052202341214,28.928436137670197,34.73278398431884,80.04887748004205,56.31576166612844,65.63119778273006,80.4354188809577,132.683622529317
2025-02-26,159.63533307428798,28.860814672948635,34.87015601105809,78.13757036004439,58.774355848948495,66.43628838466346,79.27216988264952,137.38129701277882
2025-02-27,162.14456235723358,29.50038062733537,35.2758418864759,79.44130253354544,57.46866469361223,66.89317469580965,79.97762587839456,141.99868429373706
2025-02-28,159.73103010516948,29.159236961305233,34.81157100992031,77.55562422641219,57.224098707694026,64.60485208537403,78.77424444771543,138.11183307111838
2025-03-03,162.93712126619528,29.658094811977787,35.607951857672695,79.48028212923298,58.11781222781242,65.29376158875407,79.40098795723345,136.7598018838302
2025-03-04,166.70365454106377,30.715894252371434,36.310257496930525,81.1489000835803,57.3278025445575,65.99745044640856,79.99779109584733,133.42341506390719
2025-03-05,169.7692393763069,30.945763614139103,36.68966512970576,84.48790366681537,58.65975242239734,65.25550799269679,78.47530073337755,133.44293725500535
2025-03-06,165.44222383681742,29.673380064536403,36.39097124409367,87.1474669060499,59.075133062844095,64.32297640022198,78.95393413432127,129.9330478158003
2025-03-07,165.1313448859419,31.340269344847055,36.1008212436449,87.53917949696492,59.488520802850665,63.5277782944408,80.05404291633135,129.69395326145403
2025-03-10,166.1258365898648,31.12606216941593,36.42448456942309,85.61034548528112,59.55265786356409,63.0408591779833,76.38013769845917,129.3252786394342
2025-03-11,162.42385547255077,31.23485371691865,35.47060121240014,86.08638394172141,58.88867371092668,62.85192986702437,76.33910109779985,126.71237317147069
2025-03-12,161.73153606112788,31.28059463900599,35.168655768777555,85.69152201077085,62.79019013318701,64.09051592334306,76.35713972831839,128.0100923012055
2025-03-13,156.15005687523288,31.99178256988784,35.21817590591295,86.52410402790521,62.728596445696844,65.55629156496283,77.15172938695441,128.78824599517202
2025-03-14,153.34621210068232,32.377096908688344,34.57552584197016,85.3550896472118,62.72250322580864,67.02041649185121,77.56955761345219,128.00177811911013
2025-03-17,151.11240250923782,32.13438538131811,34.3130971192072,84.69363125186375,62.02758136377475,67.53441692766108,75.57174936926793,127.0294149534051
2025-03-18,148.5290772394387,33.162897104446486,34.727921592066465,86.64905557631164,64.29380731300111,69.26635478084185,75.17364729099306,126.68467158531232
2025-03-19,150.8387377567415,36.11898493058385,35.76784679689084,86.9198637463893,68.12422949619206,71.61354440121093,77.15973407850555,131.7488141605661
2025-03-20,145.4713549549911,35.095919459213455,36.01160698797315,85.67729282894132,65.8764389888484,69.08392054033999,74.6543392119415,129.32025080920397
2025-03-21,143.67548763482608,35.09924880511189,37.57190463163014,84.53322324762418,67.68924550792634,69.49322858959542,75.99190821481298,135.51795008232716
2025-03-24,141.0984632323294,34.65933141755147,37.5071372859772,80.88549567956227,66.27858043784305,68.14067332194713,75.32518729326134,132.81054561456662
2025-03-25,139.5261748515477,34.30228338196189,37.372653174023526,81.87147316136317,66.96544591075101,67.82195302966744,75.10973485589626,130.4207153262986
2025-03-26,139.7559674755409,34.1136223223319,38.1736116850355,83.20717481861486,67.77201897677038,68.04051050774787,77.01430996923378,134.46479253147197
2025-03-27,138.06404691337812,33.963782774072385,37.888102911723564,79.96581909018911,63.7963819178311,66.00844252585233,72.73794288033075,127.89816031442776
2025-03-28,136.5329118611678,34.29260387497019,37.32572903120248,79.90231823358022,63.439297264368136,64.48070876342307,71.16546424659731,126.82312493120945
2025-03-31,134.2180329171569,32.98721106092727,37.636444280101735,78.23588029442114,61.5394946071438,62.5696977223759,69.66320421908446,126.03418478409932
2025-04-01,134.32418800621886,33.6560258710839,38.010719195025494,76.98408870543905,62.16805414899737,62.96869515638793,69.72531168506713,125.02822076754187
2025-04-02,134.79528984408614,33.91207288649545,38.29587293677455,75.10073491212026,61.26645680753774,62.68848326919409,67.6777381955598,123.15694770556678
2025-04-03,133.51310996225646,33.74402478961791,37.93089685332161,74.1750375349284,59.66356326036233,62.05787190157622,67.86179945515003,124.31201326312049
2025-04-04,130.22215078613812,33.186811846799515,37.18178811793875,73.28006853205581,60.011639750925546,61.386466608477775,66.93028899208306,119.71799594581341
2025-04-07,135.92199770806033,34.467450277820646,37.81520142244516,75.98482584906027,64.1598901369792,61.76717005361872,68.29142896489523,124.49639976770042
2025-04-08,138.37879251247938,34.1342703475771,38.59237529383234,75.38912966920887,64.18341940979927,61.64132055277309,68.01012529130075,119.13323002935964
2025-04-09,139.66072681830343,35.125154630801106,39.09227763202697,76.44751355446712,63.86965834422589,62.04549842636919,68.5968128598155,120.71849132852495
2025-04-10,139.6352208105272,35.22381293847063,40.25203516263472,75.46013056764168,63.08969330521112,62.8541392460163,70.39666617520685,121.62690355502122
2025-04-11,140.95597194241873,35.63732368802117,40.02052336823314,71.81501615960943,63.51077302831314,62.13033028719762,69.26285597432182,122.57154925311023
2025-04-14,140.74186997317025,36.70579020790013,39.56144304939475,74.70862997573907,60.72887746267129,62.54381661440014,67.59139618403137,120.22404896252934
2025-04-15,147.71967291888598,37.18960781461196,40.45118932841318,76.807037812913,59.96967470648167,64.24280879907776,68.82227837289398,125.70855520759896
2025-04-16,149.1162383622931,37.491808964500684,40.36113158785336,76.86773363871723,62.4143607796807,64.71603311835263,68.24944233800582,128.6534312308006
2025-04-17,152.97343618318476,36.67853589315107,40.288442332708804,77.03505084390935,64.7746589765072,61.79342510925506,66.72936473880114,126.96165640047442
2025-04-18,154.75097406926548,36.73414256147457,39.88346332038818,74.70411961562404,63.55664128609127,61.16520565377052,66.02891306707296,127.48237656038049
2025-04-21,151.39449263023252,36.987360201767174,40.04371541821765,75.4440481056867,63.10852875316441,60.914050540260355,68.03341069692878,125.54555570741708
2025-04-22,153.4525314187702,37.29290226798748,40.50757152974191,75.9978511615897,63.81110774398475,59.4971781521147,69.1135843174406,126.99820537165483
2025-04-23,151.44301029278128,36.07730801040139,40.17386854310559,72.30295089836243,61.2069706134048,58.65260966662723,69.99734956836627,125.43319558914871
2025-04-24,152.3134382504195,35.31466525156653,41.114817020235876,71.27207573775252,61.23148313657164,56.868400235737845,68.98038059705146,121.59767751797133
2025-04-25,150.92664739600676,34.536678748297305,42.1500011667082,72.75956927481988,63.408753782953724,57.980984734950226,71.31168499831125,124.7748296701849
2025-04-28,152.21833827461322,33.17168387067059,41.51722802663434,72.57103000265519,64.43819843509344,58.46472144513952,71.89511766499585,125.7531255872793
2025-04-29,156.3684601044753,33.36570439011241,42.44845720162151,73.76651331740544,65.37074429548633,59.703075458828344,72.09412330301514,122.14626028500093
2025-04-30,156.57264042333884,33.631093025942086,42.81019906194086,75.30025777900904,67.91189389752707,60.89209751870884,73.71409588412727,126.72942451046822
2025-05-01,162.76559321565017,33.67356741284195,43.12205726295862,77.48703303877349,69.3057672850505,61.20434234074826,72.82900160017383,125.42319443517405
2025-05-02,167.85241164609408,33.61979197676595,43.21614056614913,79.11631682949248,72.88440983380016,60.94838918190571,74.18636820543094,126.60572837895377
2025-05-05,169.74310299663864,33.52128226589304,43.449141724587555,80.57963728733216,73.36730496532077,62.49076522779902,74.5430890848851,126.23491369441176
2025-05-06,171.18608297977246,33.653111571970484,44.77023289091574,80.6681710930897,71.41142675966925,62.843761945356036,74.73341456563182,129.04668211275845
2025-05-07,167.43338653056455,33.47884795939492,44.950155153638335,80.39800880161377,68.75570781999554,62.96133082283459,74.84218648674377,131.9760371924101
2025-05-08,164.9408791132993,32.72828628151399,44.62414558209451,77.58511973110951,64.25130988139765,62.52868580723741,73.07663528332671,131.05408621434134
2025-05-09,160.91858158198488,32.942208442956364,44.63822840374237,74.84273312495215,64.59740605160879,63.2783263400065,73.20739894632084,132.84916839375504
2025-05-12,161.99792010743568,32.9453824737492,44.39316837105005,75.21040365637559,63.58994655077907,64.06841238070889,74.89262159734321,137.6602653672468
2025-05-13,164.9678999169281,32.58313532876336,43.60189409463012,73.5353563891164,60.50880142999204,62.8199487830973,73.60840291899086,134.76238294702043
2025-05-14,166.8707475040259,32.363320276290274,44.03077827750175,70.79566708480667,61.58828148166224,62.22292829994314,73.64110435857627,134.30212484920338
2025-05-15,167.52767620836164,33.561869314497045,43.48963565482826,71.6166992646587,59.56059788469782,61.77611756374166,74.91313253499338,135.4148969222336
2025-05-16,162.8171114331839,34.4325775055898,44.163147412442605,69.88789677731694,61.75249074276816,61.047017822841276,75.71835962874673,131.23149575245225
2025-05-19,164.45504778263847,34.91315112542673,44.83161885468091,70.84346006901299,61.674326460727116,60.61977839585451,76.2741798617695,134.20193825580776
2025-05-20,168.54744144763293,34.654334279767134,46.88283400212788,71.11516563537573,61.34927266689604,60.627064373864236,77.15310388591092,131.86777711399216
2025-05-21,171.4587122960399,35.13447165095861,47.153159747089276,70.23528794787251,60.16130332246678,61.95998900531454,75.12621652604078,132.11947175927273
2025-05-22,173.97679854225117,36.35640260178387,47.83656257374521,72.20504569035089,61.38123672534368,62.409169081486304,74.45219478536791,136.21872997754178
2025-05-23,172.9361992795918,37.17148952138952,47.526207396875755,72.43169508772705,63.00249922439606,61.80699899363036,74.65037215804982,137.58216865637982
2025-05-26,172.43453055000091,36.98922399793315,48.86516042577598,73.29898873182395,63.97092754187252,62.12561978663776,73.35672126529663,135.8388736111682
2025-05-27,175.16643440230578,37.60474120764464,48.78252297758672,73.35448772711895,64.02405757374014,62.4200618839827,74.55062741443217,142.4946883129565
2025-05-28,174.3735084377977,37.669242323570984,48.644953567654845,75.63451609470235,66.4128858805485,61.813594668970694,74.54668000168645,145.7015542416922
2025-05-29,175.22061100481054,37.30274857296034,49.41655566362648,73.70618320186071,69.94127043427467,62.817432334059944,76.09079077725131,142.12688255157644
2025-05-30,177.66959824739305,36.82683019881128,50.139387858404156,70.77738146466808,67.79724311575009,61.46216078539001,74.40769058081983,140.62604712145753
2025-06-02,177.9781695156174,36.347275272007245,49.93325958755688,68.96310056401518,68.05413696908735,61.038729934901866,75.98991348364353,147.33201103051653
2025-06-03,179.8394730523263,36.840195638929266,50.23231183404963,69.60182591401221,66.85688183794481,61.05416388072714,76.10151526299758,144.7631463848677
2025-06-04,179.08499646663014,37.00545206053388,50.35624502970822,69.58228523939395,67.68211831933641,60.92855274067608,75.33227893873908,148.2323581887071
2025-06-05,177.00625352977252,36.2984189992188,49.73074783542448,72.55288797318065,68.63397876950718,60.761280234434054,74.55841909167724,150.3198377995919
2025-06-06,174.1847805227697,35.92523032039418,48.57354750121888,69.00908575245006,66.28195288569779,59.45950147184539,74.22822939796649,146.69822430589903
2025-06-09,179.12492978370037,36.507930887401294,48.51051599704041,69.67441568483979,68.34629106478177,59.15598718152888,73.71489714782233,149.25449597275826
2025-06-10,178.95177692667357,37.93110060954899,49.31635154112877,73.01169952128362,67.73813648905247,59.776447744772035,75.45663000553753,153.6287205146266
2025-06-11,178.12061290446454,36.83221641971193,48.00858007406832,74.21908748690669,63.82610929778138,59.41154209848946,75.87900291311168,156.32847048316853
2025-06-12,178.92978178100515,37.12021857537137,47.859589574497925,72.53217885257645,64.3762242093726,59.24603822760394,75.74346909086299,158.10761119018275
2025-06-13,179.93086335366175,38.45287565010948,47.96499821275305,72.07171791284482,63.2520711807911,59.635279883515906,74.83397030214267,156.36451988161863
2025-06-16,178.92751344208057,37.88792533135038,46.82578781083094,70.87914902360772,64.70482761718245,60.52225793766585,74.57589858301829,158.25523659107083
2025-06-17,177.74309401272905,37.18242367834082,47.661842268799646,71.45382097969295,64.58142872431904,60.194759759029196,74.25295585620397,156.2491403007427
2025-06-18,174.0408076432931,36.70620507899369,49.181904179590546,71.88987459740079,63.757891564581655,60.94937200644022,73.92254345160998,151.88558002784183
2025-06-19,178.3619112993713,38.35036255685321,50.635536218879736,72.18473789928929,64.84345095700614,62.120148008868924,77.35558272036103,153.55979012220956
2025-06-20,180.2145837379339,38.755698396190375,51.10531367888048,72.49258651105801,62.95734293309311,60.626227139194626,77.49431276206755,157.19158184147724
2025-06-23,178.75079013238147,39.602398833964884,52.408314842576864,69.94161857543115,64.26868033816851,59.758370630069805,76.18793531829391,158.91999274350079
2025-06-24,175.72739549232463,39.694161302589144,52.16906165331722,69.84643732591933,60.37535653020091,59.56945183627163,78.12552141830284,156.6683130359022
2025-06-25,170.9956372872401,37.312252255351616,51.1855526415823,69.65541019193596,56.889213487175724,60.97980454259842,76.27099079506051,154.35520505798104
2025-06-26,172.94935238730588,38.319664592273554,52.36952396361843,70.54008948136062,57.60322521753539,62.00748396284458,77.34445617907988,154.68997266469236
2025-06-27,170.7211504425623,39.3649167343835,53.04102555476439,69.78215017256345,56.579119319047564,61.660738835047745,76.73229989429646,152.27259800836174
2025-06-30,169.7297098217916,38.178746184742856,54.19048080481469,69.40384795352091,56.727553500315594,60.899892281122526,75.89757442494975,156.30334758677785
2025-07-01,167.73180431448634,38.61274692583883,54.500929972130564,68.66076908546195,58.54741949506687,60.548241695107095,76.83302582764834,156.47326304524788
2025-07-02,168.86112408923142,39.97572360262727,55.59650759100945,69.98243766735469,58.04362333860529,61.43322372450205,79.01920795565084,152.85136673695217
2025-07-03,168.2116686040025,39.401186559436695,55.18631446990523,69.04043833236189,56.573218889820374,59.91573564343996,79.69048948064236,150.61051749434964
2025-07-04,168.8436054410026,39.63117746804562,55.82113863219086,71.92251972458644,55.276601440877684,60.075544649171725,79.5788109231719,154.21580507356074
2025-07-07,166.76236513472526,39.69774526105071,53.76591402862551,69.87773574671853,55.05409340147136,60.61389881893481,81.73242848159556,149.03608602376485
2025-07-08,167.21593720386582,39.89996914704203,51.8029305764701,69.66206139586758,56.139161069426535,59.16675950310488,81.47252571492541,145.81808110952488
2025-07-09,166.55194836301894,38.591230756920275,50.5381395098512,69.49621611062001,57.362204457697985,59.17898579077105,80.9904459119376,144.36967412198246
2025-07-10,172.66421712625362,37.63147879036553,51.450097295720155,71.05707758222118,58.368676534265546,60.79035567976502,83.00153774889895,145.03313322278248
2025-07-11,177.44175085046015,37.12949374565054,52.46818391617107,72.11526029619647,58.101916242111116,62.86479370126378,83.21910557999101,146.87092046906997
2025-07-14,179.82324348428267,37.84679523765289,53.06826321892799,75.81682935800922,59.98788490877837,62.714649601475976,83.07057321119119,148.70314868198497
2025-07-15,182.1145440172722,37.70175833298325,51.130241677790366,75.58729497914837,56.95366910095249,63.426774432163334,81.85584437014703,150.50217298038748
2025-07-16,180.60084990797125,38.516694207735355,51.72081169520036,75.90019618609976,57.598119443187784,64.94197193117385,83.51400002017337,151.18297776573945
2025-07-17,182.2004614709199,38.06848550534544,50.81434872633261,75.66402671430706,54.38552487665935,63.24769036243345,81.36209990740703,148.51913740679376
2025-07-18,181.76195192966705,38.198209387517636,49.890958170063826,75.61644147843857,54.50309178016497,62.71052200989825,78.16963694383838,147.60824748679218
2025-07-21,182.26341811135399,36.94499121636048,48.18927871623754,73.67422435926804,55.267039595709946,61.88220945475829,79.64706646791646,148.40133011539706
2025-07-22,182.10880516156305,37.160663994357165,46.65240136258796,73.49079042101886,54.32141554977426,60.76935526175635,80.1151741318336,148.64071908089355
2025-07-23,179.3160912337373,37.43404247411168,46.093877629927896,73.6276845065009,53.005726754337005,58.782703856239436,79.79484013505572,146.74752507153607
2025-07-24,177.27892814672214,37.137713196179774,45.82273625799556,74.90678923930433,54.40296072935214,58.714615056389825,78.64299068674006,144.48515441886548
2025-07-25,169.95417356981852,36.60963690020977,45.65900454418773,73.17580006873105,54.34444710875735,58.13446695072276,77.60910530447124,145.3648218652497
2025-07-28,173.61833687097433,38.03638754095324,44.87910211271257,72.1669492490111,54.24727358000487,59.59707798450026,76.69743242980701,148.5311480956587
2025-07-29,172.9952783434153,38.84751001929875,45.19691082234512,73.14375248499007,52.46488951461246,60.37623233058825,76.83228789110576,147.81131461866002
2025-07-30,173.1008146735246,39.012923474502266,45.30819574305351,73.62410354850218,53.13562422724291,60.43366678675953,75.79612438479693,144.158761534457
2025-07-31,168.6170080633417,37.4101612589528,44.702651056110994,73.72127688649071,50.85180486421175,58.95496281084291,76.94335715289817,143.03026099787667
2025-08-01,172.26094388895615,38.6870621469744,44.91277973143051,75.1665607684701,53.32954001929512,60.20423228829133,75.51617269264558,145.89023439280857
2025-08-04,174.2942689135761,38.3071570702008,44.75887181873696,77.71496980854667,53.4160253200555,60.10673911637012,73.83348706096945,147.80624743170077
2025-08-05,173.67711630669464,39.95381636392638,44.380616197003086,79.50828396567618,54.17641217320989,59.35121293143827,75.83603556345865,150.293717847135
2025-08-06,176.3515294740145,39.232346265677364,44.977689828962916,79.3800861094637,52.505568798293645,59.25785160647452,75.79239454683581,147.74496709654252
2025-08-07,178.0879832435414,38.48916542848842,43.550124089618684,78.8696989086645,52.77695026810075,58.748308036527284,72.98635621337434,147.8336742430766
2025-08-08,180.41563124655204,38.501439618080546,44.19010658205619,81.91664651539178,52.93747281161342,59.77832589250132,74.23272011535153,150.97408623836782
2025-08-11,182.94168692716545,38.79867229334027,44.82361969795763,80.01901429239715,54.088525624135414,59.58910364940122,72.71596145419143,148.779730809357
2025-08-12,185.2215291047932,37.7458011016026,44.890752709903175,78.38225076836186,52.60010127134523,59.45081127440748,71.30911999930765,143.6973154587884
2025-08-13,189.18878819519955,39.80889127265946,45.899051108479064,82.06538600564859,53.38158879067609,60.01983379930123,71.38603325929562,145.2591931813529
2025-08-14,190.00679875293173,41.59544347424439,45.61324121070197,83.95945490502748,54.15408416833715,59.838788981080306,71.26952388147187,146.1864297603071
2025-08-15,189.89446629731054,41.04366119695067,45.28128891283439,82.12015310890627,53.73069403969165,59.14286840982002,72.26126693884868,148.65247338572175
2025-08-18,187.08695262254412,41.040800587354056,43.69075532982244,81.40343247541527,53.96896273007933,58.201982907506256,73.09017670403144,145.19979398696594
2025-08-19,193.2436575543726,40.573879219988385,44.70174188849043,81.13032718365979,55.08204653304497,59.334741754084725,75.20545428964732,148.35528466838196
2025-08-20,194.84504120618712,41.232308172208775,46.9082115267593,81.37902277551395,54.7202705153029,59.31787637632631,75.63777562421818,149.08018995871848
2025-08-21,197.7335997383696,40.32434408325076,46.72357292343661,80.3531859987428,55.413446077655,59.425331370657304,76.12967912898212,150.10453853216262
2025-08-22,203.071374132447,40.87672983669506,46.51680992268683,82.21755676728846,57.71354204657789,59.39601069851004,77.92785635197735,154.37836242839546
2025-08-25,198.18033362877682,40.24906075062866,46.73923657735023,83.03733394925251,56.74026032357334,59.29988591536562,78.03983626832088,150.7729063582228
2025-08-26,197.35671076718464,40.15850710117822,46.60627359873479,84.43833559196644,57.41577750496705,58.48583460463517,78.58830452648832,150.8032048864591
2025-08-27,202.57106235036215,40.354051917789114,46.94549096762547,82.37475876310465,60.22039778067743,58.16078874720164,80.28355644559866,153.56092124613778
2025-08-28,201.34152977746893,42.11123598994332,47.26505026741851,82.82539849127605,58.36742108237715,58.181967239304534,81.27976482801942,151.1875197054909
2025-08-29,200.92472744273235,41.66878646788019,46.89524660418205,81.84336486677144,58.619745153192774,56.83692756572654,80.31666209010226,150.6972162850439
2025-09-01,199.54835092374182,40.925294283887006,46.15519682360463,81.01669718450216,54.077027068955196,55.68833445652728,81.38299507597925,151.63236680726422
2025-09-02,197.68566026017865,41.41456806507483,45.96415066902494,80.23555440058377,53.66080602999199,55.92473309364481,82.9960471293058,155.51972839572014
2025-09-03,195.1236061397542,40.89111391804811,44.883688978169545,80.60950565197382,54.21265549691434,54.941766237761314,84.00800777960607,153.18471159017233
2025-09-04,193.54573449365682,41.11796641470757,45.522846711395275,82.39959688945437,54.919496874468166,55.27959493080109,84.54134670975456,152.3072316861198
2025-09-05,190.28068446923712,40.96959599326018,45.48124701923741,81.15180952204307,53.57698701947617,54.74310403354068,84.4464334404131,150.09531952858043
2025-09-08,185.5360056785003,40.629193538296335,45.52239991352807,79.66847136889857,50.67305152096058,54.204447301447146,83.31036719640123,146.13606728316225
2025-09-09,186.29526941543725,40.963028439718116,44.76972094712487,78.64687603467155,49.723264213267754,53.99256454001017,84.10523766945752,149.39001906790833
2025-09-10,191.0875406215635,41.37511444347443,44.183370232488976,79.18629050687491,50.19050499709974,52.76446212586158,84.68694497578876,145.1628667808683
2025-09-11,205.70282116727833,40.90535911760111,44.61254066346539,78.90844552784574,48.66066581000402,54.23554849262582,83.29989024324745,152.18353049265008
2025-09-12,220.1266242220275,42.16385218474536,45.52710279731463,82.65519320488954,49.9103035224159,56.06899049766908,86.07348346764647,159.7995364576628
2025-09-15,218.68997247529168,43.20337387657588,46.73727544414908,81.57621525794747,52.246808392906665,55.354963731636204,84.69899989066575,154.75574659194592
2025-09-16,229.29885279187218,44.18795019984728,47.50503076806107,82.94466891363636,53.42430427311654,55.98631654716119,85.53599665622178,158.64052517920882
2025-09-17,235.2489718297265,45.60165886039218,48.22475671219166,85.53468297174341,55.78368723804031,56.948071071922136,86.50646955704231,161.41755500013775
2025-09-18,232.14227184428023,45.04290931034721,47.74841968757039,83.60280102219167,54.75558622733575,56.783541842761466,85.08767382496723,162.00826315228252
2025-09-19,229.2170485028318,44.45661962633729,47.76802938201569,83.2071420500448,54.8972293140104,57.533471973546334,85.45838628032497,165.78122328887957
2025-09-22,228.84084992203216,44.42366817495818,48.97757523527676,85.58026868331734,53.35796833105991,59.279251453759045,88.36500503363331,166.67403886828643
2025-09-23,228.28733693437158,44.96643256154147,47.65482599833574,81.73546971500295,53.06255347744406,60.71659844925774,87.95511130830366,167.94007443440978
2025-09-24,232.2894673791293,43.67936917465886,47.14049153185993,80.82160983934243,52.93381517634658,60.84474221164353,88.70607025025197,171.32942656722082
2025-09-25,234.62107967101747,45.325372848812165,48.04894561409135,81.67868731012652,53.615869028415666,59.0901094729206,91.49052259368995,171.84588618761455
2025-09-26,233.73478550452037,44.365821229968304,47.93079260756682,85.14875060219785,51.19622765703856,59.47319197291993,92.6095612405559,170.46617399676668
2025-09-29,226.51103636264568,45.65113587626418,47.56316131980967,87.49142044613872,51.17899542533231,58.42713206652634,89.54299445420024,167.5136389037729
2025-09-30,226.56131799714362,43.255442427984875,46.8898180682141,87.01646601199785,51.95702711976631,56.37736042532461,88.2098102120976,162.92486691653224
2025-10-01,224.5127243144592,42.32958960365556,45.420561996700876,89.7233198703258,51.69877077807143,56.394422011503345,87.48507737448885,160.4055758280045
2025-10-02,224.750922597031,40.428945807737215,45.55618347002038,91.08360498417235,50.492756914136955,56.66440008891052,88.04509186554216,161.99098411041322
2025-10-03,219.94891290324358,39.49560941535461,45.46690375787418,91.85508440147963,48.79995128534255,53.92462400315231,88.52446497728774,161.8055521584179
2025-10-06,208.4489842902133,38.32744331437999,43.99885009944723,90.4097683888898,46.75404854169777,53.78096011029523,85.14396309526812,156.34439849307648
2025-10-07,207.51489750639064,39.310554775553015,42.74917336483927,89.64628933408973,46.57708365220524,54.163136481539794,87.64422483149625,156.62689208215536
2025-10-08,208.10747536630652,39.88670183517472,44.1107793357443,87.89028884499741,45.94081004363705,53.919611941166934,87.14077364607842,156.5228676069423
2025-10-09,210.00780979965685,40.284549829293006,43.50491652520524,88.84764685302898,44.322775618246226,54.1976144873567,88.66022259589329,160.61666586743203
2025-10-10,215.82834024698366,40.414099061418916,43.3234246089681,92.40676052909993,44.23880888305461,54.40897138363227,87.4480841457193,157.320536698766
2025-10-13,213.59559307911698,41.285054258140846,43.79809283446123,91.38356182008067,45.81478615081755,54.32094337654037,86.57518143695802,157.36303809495914
2025-10-14,216.0525018616401,42.95081830167457,43.270699239607055,89.3731086049294,46.86674115957681,54.23151774991389,87.58357460271354,157.89839716689008
2025-10-15,212.95884090195625,43.06910772027611,43.87466699276844,88.26080691204331,46.79018992437486,54.084822268338556,87.98383686524942,156.19032935912406
2025-10-16,210.95121124574808,46.037859207822656,44.86658492830971,91.91182932236137,48.36001481041977,54.717007189789065,87.72176217169309,157.33259241358687
2025-10-17,217.2282572461225,44.98270522928046,45.59009670228739,90.02141313163082,48.54508604946156,53.89751105508442,88.51473306675848,156.69421611377848
2025-10-20,220.8279296033806,45.56859264547056,44.74346804769699,90.97672575567054,49.47162332807963,55.01389068749964,89.12447816573346,154.83903720982502
2025-10-21,218.04466914256466,46.29773213472214,45.2748374011742,89.53827235791118,49.03216022361358,54.4861004761842,87.8327087813475,150.49824122045834
2025-10-22,217.19841114409815,47.213764630604146,44.08336273379687,88.03359328210799,48.52995784769751,54.1277109383477,85.07200015644518,147.83165084638307
2025-10-23,216.86942373442716,47.659252637130045,42.62742664392067,88.23716402865023,50.914639958633536,55.695446622745365,84.03250593132886,148.27434789790587
2025-10-24,211.15664575396866,46.871164304770765,42.32384960149358,89.78672030440045,51.19377140508075,56.45065515421831,84.93099086254945,146.14054402678454
2025-10-27,210.87787574218692,45.98917904959766,40.727930527018216,87.83784748576905,50.51902762946637,57.23945284519478,83.47151671121065,144.43806953987914
2025-10-28,210.31721813372178,46.720931078325755,39.22367908134746,86.54260923275301,50.2644358809806,56.30009594219565,81.77013670273114,139.7121108547955
2025-10-29,208.4293835005116,47.141646931932186,39.183650343421405,87.25637234471625,48.34027510506679,56.169272497554985,81.23996164067134,138.35364893127735
2025-10-30,208.46328301966923,45.64277475554791,37.58399569780278,84.15354025560153,46.90298750405333,55.69971615959036,81.4373881601374,136.47527305644817
2025-10-31,206.74045395860557,45.717048243454826,37.199391921523066,82.82818236310219,46.51590097569978,55.265015226937976,81.47666811894346,135.42671497571368
2025-11-03,207.89201936137022,47.67366899846303,38.250848411356046,81.36621996144,44.484179363346634,56.429241914820714,82.47092515205927,138.38426635514548
2025-11-04,208.68051164419174,47.49706704268619,38.66584797306086,80.02193313249857,43.708009557746266,55.36762256853899,80.92354881875777,139.42822421760894
2025-11-05,205.52016855169802,48.80437739217216,40.066169108289934,82.20547166045597,44.04262210143061,54.177114937634215,83.727133962363,142.28771247780955
2025-11-06,209.7372344098597,48.09198449930983,38.49415599391756,77.9407872295258,44.30822758919486,53.76131264455604,79.43412378826477,143.81739637869185
2025-11-07,212.56666134244253,49.45434980344597,39.166606758372204,81.06322641532408,45.549051789860435,55.23469764046577,78.90548859236583,149.27089303317993
2025-11-10,219.64607236107366,50.940075236950435,38.68728976331013,78.95182018920652,46.8362721969339,55.11124189345163,77.83052440712368,148.59962197293603
2025-11-11,218.59186015053393,51.570003404155344,38.45265168330464,79.87200197883537,45.44332463699263,55.23989054208086,79.21426193292646,148.37477618254238
2025-11-12,222.10893612240858,50.775923629486755,38.22097555941971,79.81100145026143,46.07774452067288,55.977045762383796,79.21954373898193,153.3411959810589
2025-11-13,230.64878082438665,52.6291312387838,39.91285954248907,83.82349527886242,47.72637476916071,57.628022616968494,78.88050355846347,157.70942104783413
2025-11-14,235.71308928896073,51.12660325007997,39.287190449071154,83.68976861849585,47.7895193624417,56.59249461832349,79.11875910983433,160.55926079526472
2025-11-17,227.4457028508897,51.79642953252251,39.61668402606765,82.61726019945351,47.543143598370705,55.51708141850737,78.48703444959978,166.6907920881406
2025-11-18,228.28743130532618,51.12872404821928,39.66027170574221,85.56364681699327,47.98732074513231,54.68413109901311,77.56099804387418,165.21361863071724
2025-11-19,224.63552109613704,50.67961111315029,40.15665641737971,81.27633035473892,48.017054758407035,54.811367336512646,77.08422291089843,161.54063562887174
2025-11-20,230.16666651669016,51.57832768639957,41.65419704926142,83.11274321914085,48.56151106674986,56.756894812680336,78.70607475215597,159.81021819357053
2025-11-21,227.96976342006263,50.0607323246325,41.11720477257917,81.56742110542498,46.94404043956361,56.67284578244854,76.82989739409777,159.52358532506355
2025-11-24,227.3689667447093,46.95087633027643,40.24451368667955,79.42414333380468,45.2467682964814,55.56356090816744,76.54875051014382,155.52147203321894
2025-11-25,224.4626925475577,45.65530714183202,39.147518673272856,78.7374662222773,44.77989354505707,55.61706765597282,75.51961704294452,159.00538465096344
2025-11-26,220.76249116188418,45.9791835531237,39.55826469047835,79.05707993777,46.283209903862925,56.13677686684732,75.90318374460301,158.26107796530977
2025-11-27,212.60883047505826,45.57494540648871,39.81977816932702,76.90279706537405,44.64871598695785,54.51719471163219,74.31172219739784,156.5358039436155
2025-11-28,221.2819104447188,44.30099666296287,39.81044861346549,75.07874860417861,43.32609680610073,53.67631692181938,76.73952217781772,152.8606540500859
2025-12-01,221.88204489433954,44.15350894243268,40.92179936833191,73.0874023076646,45.27301437084174,54.82209301981498,78.72121744602008,154.9138509582843
2025-12-02,219.0864636223386,42.44751947991685,40.58644846164296,69.50443514033933,43.97544532227231,55.0188454831723,78.25577933547399,152.88693295688597
2025-12-03,215.52283920200793,42.2286108992233,40.64379626399632,66.71862748611453,43.56992190196611,55.84962147443634,76.9189408144449,151.01463629116625
2025-12-04,211.5531409593106,42.77086561239246,40.319340853148674,67.77377463606786,43.790900810037805,55.21658914982624,75.807805420743,145.18484665643726
2025-12-05,204.35271060098944,43.24424919179457,40.902934062893024,67.11491703691237,44.35592838835063,54.795020349293466,75.43976286268425,144.68836054867967
2025-12-08,199.103229013447,42.551861480016925,40.807293250857484,64.70539388693136,41.735929917581245,54.583826816193444,75.36536211784387,140.727557148727
2025-12-09,196.65620877330662,41.61798019259443,40.7151237574387,63.31109868171945,40.96799802749953,54.13085026661364,75.41293391401454,135.4304588223566
2025-12-10,198.60785846351445,42.38145712108755,39.9302804716183,63.54462633277292,43.669377608581634,54.358469690245784,77.26718346154382,132.55670205017913
2025-12-11,194.60459902734686,41.107383021846516,39.53212800968998,62.34406691394856,43.22892124295317,53.47358440203056,76.29161106552789,136.62338318826087
2025-12-12,189.51539474244075,43.63041378849853,40.2562286092615,62.69694784519208,44.329384541196326,54.45873478623002,75.77456202620537,139.06936576576382
2025-12-15,193.99748530866717,43.38729801906812,39.761263099255935,61.91980213592715,44.630189116475876,52.546828332659636,76.52912838907861,137.3770301096412
2025-12-16,197.30161425382317,44.00624200206094,40.508201727173734,61.76893745627387,42.418775748350924,53.31182010179685,79.36223202136469,138.28979892662898
2025-12-17,202.24934945919154,42.50494607828874,40.98924216202284,64.4334620742644,43.403895048599374,53.21723458550879,77.94235149436548,141.70753807096247
2025-12-18,203.15373134350904,41.83449771800544,40.39927560182661,62.186017612855785,43.73092673778713,53.248664243870486,76.61499494265578,136.969937243447
2025-12-19,209.03498183782062,42.42082418638468,40.70455842841033,63.87409839660876,45.137154345070925,53.7425196487795,76.50255832057897,138.47072263776113
2025-12-22,204.48284741103072,41.254067207060565,40.71079006460131,61.388508810246904,44.43910638779356,52.87412473784818,77.5268606783702,134.46939752937786
2025-12-23,201.23161812910237,40.538097466173504,39.64901737200405,60.84881988757433,44.5117158501968,52.09793799167713,77.04947888742149,130.3367751217887
2025-12-24,206.063748603538,40.85069011758564,39.69848085568456,59.539604027483705,44.76473412338962,52.640876416649306,76.99607330443217,128.39729255853246
2025-12-25,202.20759468639105,41.000337714259395,39.624462970885986,59.56754205065798,45.132665418153614,53.14386476336412,76.71337570065691,128.2844037617428
2025-12-26,202.7294938035651,41.20968974828267,40.7389004915938,61.04486491307343,43.819732009583596,52.93134682446785,76.39697688042382,128.18647994968978
2025-12-29,201.82151797680984,40.746930197265016,39.437599250881206,60.88970136607495,43.43538034087609,51.760355213721326,73.99681387227692,124.9384677200486
2025-12-30,197.72176293450013,39.72866526117563,38.652490583357036,59.69648187581441,42.05000025795142,51.56541105995618,72.64290362603839,119.85109989846218
2025-12-31,201.75691413023273,39.47279567725041,39.21644417923404,61.437737012200245,43.00837477176885,51.67811276674302,73.41967726190636,123.48663007475913
